,title,link,image,author,price,discount,publisher,isbn,description,pubdate
0,크리스마스 캐럴(일반북),http://book.naver.com/bookdb/book_detail.php?bid=17690014,https://bookthumb-phinf.pstatic.net/cover/176/900/17690014.jpg?type=m1&udate=20201222,스 디킨스,8800,7920,자화상,1191200086 9791191200089,"전 세계에서 가장 유명한
크리스마스 소설, 찰스 디킨스의 〈크리스마스 캐럴〉“이제부터는 성심껏 크리스마스를 기리고 1년 내내 크리스마스의 의미를 되새기도록 할 것입니다. 과거와 현재와 미래를 살겠습니다. 세 분 유령님들을 항상 제 마음속에 모시고 그 가르침을 잊지 않도록 하겠습니다. 그러니 제발... ",20201223
1,일반공격이 전체공격에 2회 공격인 엄마는 좋아하세요? 6,http://book.naver.com/bookdb/book_detail.php?bid=15434916,https://bookthumb-phinf.pstatic.net/cover/154/349/15434916.jpg?type=m1&udate=20190909,이나카 다치마,7000,6300,디앤씨미디어,1127852213 9791127852214,"“엄마는 참 멋진 가게라고 생각해!”
고블린 토벌 퀘스트에서는 고블린에게 요리를 해주고, 학교에서는 임시 교사로서 어머니의 위대함을 설파하는
믿음직한 엄마, 오오스키 마마코가 부모자식간의 고민을 해결해주는 【엄마 해결사】를 개업한다.
한 나라의 여왕과 왕자, 어리광쟁이 딸 때문에 고민하는 어머니... ",20190910
2,일반공격이 전체공격에 2회 공격인 엄마는 좋아하세요? 1,http://book.naver.com/bookdb/book_detail.php?bid=13380212,https://bookthumb-phinf.pstatic.net/cover/133/802/13380212.jpg?type=m1&udate=20180430,이나카 다치마,7000,6300,디앤씨미디어,1127844040 9791127844042,"“이제부터 이 엄마와 함께 실컷 모험을 하는 거야.”
“맙소사…….”
고교생 오오스키 마사토는 그렇게 염원하던 게임세계로 전송되지만,
어찌된 영문인지 그의 어머니이자 아들이라면 껌뻑 죽는 마마코도 따라오는데?!
길드에서는 「아들의 연인이 될지도 모르는 애들이니까」라는 이유로 
마사토가 고른... ",20180310
3,일반공격이 전체공격에 2회 공격인 엄마는 좋아하세요? 5,http://book.naver.com/bookdb/book_detail.php?bid=14841468,https://bookthumb-phinf.pstatic.net/cover/148/414/14841468.jpg?type=m1&udate=20190820,이나카 다치마,7000,6300,디앤씨미디어,1127850393 9791127850395,"“만든 샐러드는 참가상 삼아서 가져가도 되는구나.”
게임 세계에서의 넘버원 어머니를 정하는 천하제일 모도회(母道會)에 출전하게 된 오오스키 마마코.
마마코가 우승후보로 거론되며 주목을 받고 있는 가운데,
스태프로 대회에 참가한 마사토 또한 다양한 종족의 어머니들에게 사랑받으며 하렘 상태가... ",20190510
4,일반공격이 전체공격에 2회 공격인 엄마는 좋아하세요? 4,http://book.naver.com/bookdb/book_detail.php?bid=14486943,https://bookthumb-phinf.pstatic.net/cover/144/869/14486943.jpg?type=m1&udate=20190201,이나카 다치마,7000,6300,디앤씨미디어,1127848739 9791127848736,"“마 군이 이 엄마한테 어리광을 부리고 싶어 하다니…… 정말 꿈만 같아.”
돈에 눈이 먼 나머지, 마마코 몰래 카지노에서 거금을 벌려고 하는 와이즈 일행의 계획에 따라 마사토는 어머니와 데이트를 하게 됐다.
마사토는 커플 드링크, 엄마 샴푸 등을 무사히 마쳤지만
전 재산을 날린 걸로 모자라 빚까지 진... ",20190210
5,일반공격이 전체공격에 2회 공격인 엄마는 좋아하세요? 2,http://book.naver.com/bookdb/book_detail.php?bid=13571670,https://bookthumb-phinf.pstatic.net/cover/135/716/13571670.jpg?type=m1&udate=20180430,이나카 다치마,7000,6300,디앤씨미디어,1127844938 9791127844936,"“마 군, 이것 좀 봐!”&#x0D;“……저기 말이야.”&#x0D;“눈물 날 것 같으니까 아무 말도 하지 마.”&#x0D;게임 세계에 따라온 모친, 마마코가 너무 세서 존재의의를 잃어가던 마사토 일행은&#x0D;강화 아이템을 손에 넣을 수 있다는 학교 시험 운용 퀘스트에 참가하기로 했다.&#x0D;그리고 학교에서 만난 치유사... ",20180510
6,일반공격이 전체공격에 2회 공격인 엄마는 좋아하세요? 3,http://book.naver.com/bookdb/book_detail.php?bid=13987269,https://bookthumb-phinf.pstatic.net/cover/139/872/13987269.jpg?type=m1&udate=20180831,이나카 다치마,7000,6300,디앤씨미디어,1127846213 9791127846213,"엄마보다 훨씬 강해져서 먼치킨물의 주인공이 된다는 꿈을 포기 못한 마사토는
『공략하신 분께는 그 어떤 소원이라도 하나만 이뤄드립니다!』라는 
소문의 신축 타워 던전을 공략하기로 하지만…….
“나는 반항조직 리베레 사천왕 중 한 명, 『모역(母逆)의 아만테』야.”
마사토 일행의 공략을 방해하는 적이... ",20180910
7,"슬라임을 잡으면서 300년, 모르는 사이에 레벨MAX가 되었습니다 스핀오프 (일반 공무원으로 일하면서 1500년, 마왕의 힘으로 장관이 되어버렸습니다, Novel Engine)",http://book.naver.com/bookdb/book_detail.php?bid=17724695,https://bookthumb-phinf.pstatic.net/cover/177/246/17724695.jpg?type=m1&udate=20210119,모리타 키세츠 지음|베니오 그림|도영명,10000,9000,영상출판미디어,1166255069 9791166255069,"인기 소설 「슬라임을 잡으면서 300년~」의 스핀오프가 등장!
주인공은 고원의 마녀 아즈사의 든든한 ‘언니’ 바알제붑!!수수하게, 눈에 안 띄게── 마족 나라의 공무원(만년 말단)으로 일하는 바알제붑. 출세하는 마음도 없고, 하루하루 적당히 사는 것이 인생의 낙. 그렇게 평소처럼 마음 편한 창가 자리... ",20210120
8,일반화학실험,http://book.naver.com/bookdb/book_detail.php?bid=1542042,,조기선,6500,,학문사,8970131884 9788970131887,,200211
9,흔해빠진 직업으로 세계최강 5 (일반),http://book.naver.com/bookdb/book_detail.php?bid=12506773,https://bookthumb-phinf.pstatic.net/cover/125/067/12506773.jpg?type=m1&udate=20170901,시라코메 료,14800,,디앤씨미디어,1127842579 9791127842574,"카오리를 파티에 맞아들이고 뮤의 고향인 【바다 위 마을 에리센】을 향하고자, 브리제로 그류엔 대사막을 하염없이 달리는 하지메 일행. 그런 도중 사막에서 샌드웜에게 공격받는 앙카지 공국의 비즈를 구출한다. 그가 말하길 자신은 원인을 알 수 없는 수질 오염으로 쓰러진 국민을 구할 방법을 찾아 이웃... ",20170910
10,흔해빠진 직업으로 세계최강 소설 6권 + 만화 1권 합본 세트 (일반 특별판),http://book.naver.com/bookdb/book_detail.php?bid=13272631,https://bookthumb-phinf.pstatic.net/cover/132/726/13272631.jpg?type=m1&udate=20180201,시라코메 료,18400,16560,디앤씨미디어,1127843982 9791127843984,"소설:【메르지네 해저 유적】을 공략하고 7대 미궁 중 하나인【하르치나 대수해】로 가던 하지메 일행은 가도에서 하일리히 왕국 왕녀 릴리아나와 재회하고 경악스러운 소식을 접한다. ─변심한 하지메를 믿고, 가르치고, 이끌어준 아이코가 납치됐다. “일단 선생님을 구하러 가야겠어.”하지메는 선택했다.... ",20180210
11,"재혼 황후 3 (알파타르트 장편소설,일반판)",http://book.naver.com/bookdb/book_detail.php?bid=16330680,https://bookthumb-phinf.pstatic.net/cover/163/306/16330680.jpg?type=m1&udate=20201114,알파타르트,14000,12600,해피북스투유,116479115X 9791164791156,"2019 네이버웹소설 최고의 화제작!
완벽한 황후였다. 그러나 황제는 도움이 될 황후가 필요없다고 한다. 그가 원하는 건 배우자이지 동료가 아니라 한다. 황제는 나비에를 버리고 노예 출신의 여자를 옆에 두었다. 그래도 괜찮았다. 황제가 그녀에게 다음 황후 자리를 약속하는 걸 듣기 전까진. 나비에는 고민... ",20200428
12,재혼 황후 2 (일반판),http://book.naver.com/bookdb/book_detail.php?bid=15912079,https://bookthumb-phinf.pstatic.net/cover/159/120/15912079.jpg?type=m1&udate=20210121,알파타르트,14000,12600,해피북스투유,1164790528 9791164790524,"2019 네이버웹소설 최고의 화제작!
완벽한 황후였다. 그러나 황제는 도움이 될 황후가 필요없다고 한다. 그가 원하는 건 배우자이지 동료가 아니라 한다. 황제는 나비에를 버리고 노예 출신의 여자를 옆에 두었다. 그래도 괜찮았다. 황제가 그녀에게 다음 황후 자리를 약속하는 걸 듣기 전까진. 나비에는 고민... ",20191230
13,"재혼 황후 1 (일반판,알파타르트 장편소설)",http://book.naver.com/bookdb/book_detail.php?bid=15405177,https://bookthumb-phinf.pstatic.net/cover/154/051/15405177.jpg?type=m1&udate=20191205,알파타르트,14000,12600,해피북스투유,1164790285 9791164790289,2019 네이버웹소설 최고의 화제작!완벽한 황후였다. 그러나 황제는 도움이 될 황후가 필요없다고 한다. 그가 원하는 건 배우자이지 동료가 아니라 한다. 황제는 나비에를 버리고 노예 출신의 여자를 옆에 두었다. 그래도 괜찮았다. 황제가 그녀에게 다음 황후 자리를 약속하는 걸 듣기 전까진. 나비에는 고민 끝에... ,20191018
14,얼굴이 빨갛게 된 원숭이 (신앙일반),http://book.naver.com/bookdb/book_detail.php?bid=7041,https://bookthumb-phinf.pstatic.net/cover/000/070/00007041.jpg?type=m1&udate=20130522,박재목,5000,,한국장로교출판사,8939808339 9788939808331,,19980420
15,일반적이지 않은 독자,http://book.naver.com/bookdb/book_detail.php?bid=6333640,https://bookthumb-phinf.pstatic.net/cover/063/336/06333640.jpg?type=m1&udate=20150718,앨런 베넷,10000,,문학동네,8954611575 9788954611572,"영국 여왕, 책과 사랑에 빠지다!책의 놀라운 힘을 보여주는 유쾌한 소설『일반적이지 않은 독자』. 40년 넘게 대중적인 사랑을 받아온 영국의 극작가이자 소설가인 앨런 베넷의 작품으로, 뒤늦게 책과 사랑에 빠진 영국 여왕의 이야기를 그리고 있다. 어느 날 버킹엄 궁에 이동도서관이 찾아오고, 우연히 그곳에... ",20100727
16,"망각에 관한 일반론 (2016 맨부커 인터내셔널상 최종후보작,2017 국제 더블린 문학상 수상)",http://book.naver.com/bookdb/book_detail.php?bid=13270365,https://bookthumb-phinf.pstatic.net/cover/132/703/13270365.jpg?type=m1&udate=20190828,주제 에두아르두 아구아루사,13000,11700,구민사,1158135130 9791158135133,"한강의 &lt;채식주의자&gt;와 마지막까지 경합한 작품이야기는 앙골라 독립 전날, 낯이 설은 것에 대한 두려움이 유난히 컸던 주인공 루도가 프레지우 두스 인베자도스 아파트에 혼자 남게 되면서 시작된다. 주인공 루도는 낯선 사람에게 몹쓸 짓을 당한 이후 자신다움을 잃었고, 이어 부모님을 잃었으며 언니와... ",20180119
17,"책벌레의 하극상 1부3 (사서가 되기 위해서라면 뭐든지 할 수 있어,병사의 딸,일반판)",http://book.naver.com/bookdb/book_detail.php?bid=11618060,https://bookthumb-phinf.pstatic.net/cover/116/180/11618060.jpg?type=m1&udate=20170206,카즈키 미야,11000,9900,길찾기,8960520136 9788960520134,"책을 좋아하는 당신에게 바치는 비블리아 판타지『책벌레의 하극상』 제1부 《병사의 딸》 제3권. 병으로 쓰러진 마인은 목숨을 건졌지만, 그 ‘신식’의 영향은 어마어마했다. 완치할 수 없을 뿐만 아니라 치료에 귀족이 소유하는 고가의 마술도구가 필요하다. 재발까지 남은 기간은 1년. 그날까지 가족과... ",20170131
18,"소드 오라토리아 2 (던전에서 만남을 추구하면 안 되는 걸까 외전, 일반판)",http://book.naver.com/bookdb/book_detail.php?bid=8657273,https://bookthumb-phinf.pstatic.net/cover/086/572/08657273.jpg?type=m1&udate=20150119,오모리 후지노|야스다 스즈히토,7000,6300,소미미디어,1157100953 9791157100958,"[던전에서 만남을 추구하면 안 되는 걸까 외전] 소드 오라토리아 제2권. 새빨간 피에 물든 방, 물씬 풍기는 쇠비린내, 그리고 머리가 짓이겨진 처참한 모험자의 주검──. 몬스터 필리아 소동을 무사히 해결했던 것도 찰나, 아이즈 일행은 수수께끼의 살인사건에 휘말리고 만다. 조사에 착수한 그녀들은... ",20150115
19,"소드 오라토리아 3 (던전에서 만남을 추구하면 안 되는 걸까 외전, 일반판)",http://book.naver.com/bookdb/book_detail.php?bid=9078992,https://bookthumb-phinf.pstatic.net/cover/090/789/09078992.jpg?type=m1&udate=20150521,오모리 후지노,7000,6300,소미미디어,1157101437 9791157101436,"오모리 후지노의 소설 『던전 외전 소드 오라토리아』 제3권. 지난 던전 탐색에서 수수께끼의 여성 테이머, 계층 터주 우다이오스와의 격전을 치른 아이즈. 그러나 염원하던 LV.6으로 승격했던 【검희】의 표정이 밝지 못한 데에는 이유가 있었다. 첫째── 겨우 만났던 백발 소년이 또 다시 온 힘을 다해... ",20150522
20,"소드 오라토리아 1 (던전에서 만남을 추구하면 안 되는 걸까 외전, 일반판)",http://book.naver.com/bookdb/book_detail.php?bid=7884924,https://bookthumb-phinf.pstatic.net/cover/078/849/07884924.jpg?type=m1&udate=20150119,오모리 후지노,6800,6120,소미미디어,1157100252 9791157100255,"오모리 후지노의 소설 [던전에서 만남을 추구하면 안되는 걸까 외전: 소드 오라토리아]. 최강으로 명성이 자자한 여검사는 오늘도 로키 파밀리아 동료들과 함께 광대한 지하미궁 던전으로 내려간다. 재로 변한 용의 시체, 밀려드는 이상사태, 온갖 수수께끼와 위협이 밀려드는 심층영역 제50계층에서 아이즈가... ",20140717
21,일반적인 연애 (희윤 장편소설),http://book.naver.com/bookdb/book_detail.php?bid=7118748,https://bookthumb-phinf.pstatic.net/cover/071/187/07118748.jpg?type=m1&udate=20130109,희윤,9000,8100,스칼렛,8967750668 9788967750664,"희윤 장편소설 『일반적인 연애』. 사랑이 얼마나 지치는지, 감정 소모가 심한지, 주찬하 그녀는 너무나 잘 알고 있었다. 5년이 넘게 그녀를 괴롭히던 남자를 떠나보냈을 때, 지독한 허기를 느꼈다. 그때 그 남자가 나타났다. 정확한 결과물이 생기기 전까진 사사로운 참견은 절대 배제하는 그런 관계. 두 사람... ",20121231
22,"로스트 헤븐 1 (박슬기 장편소설,일반판)",http://book.naver.com/bookdb/book_detail.php?bid=12518638,https://bookthumb-phinf.pstatic.net/cover/125/186/12518638.jpg?type=m1&udate=20170906,박슬기,12500,11250,디앤씨미디어,1126441279 9791126441273,"낙원에서 신을 믿는 게 가장 어리석은 짓이라는 걸, &#x0D;그들은 끝내 깨닫지 못할 것이다. &#x0D;&#x0D;22세기 뉴욕에서 시작된 바이러스는 전 세계를 공포로 몰아넣고,&#x0D;유일한 치료제 ‘지브’를 개발한 왓슨은&#x0D;선택받은 이들의 낙원 ‘로스트 헤븐’을 건설한다.&#x0D;그리고.&#x0D;&#x0D;... ",20170905
23,유랑화사 2 (일반판),http://book.naver.com/bookdb/book_detail.php?bid=8325954,https://bookthumb-phinf.pstatic.net/cover/083/259/08325954.jpg?type=m1&udate=20141027,정연,10000,9000,영상출판미디어(영상노트),1131902203 9791131902202,"“난 그냥 그림쟁이라니까. 풍속화나 초상화나 화조화, 초충도, 영모화, 미인도, 신선도, 기명절지화까지 안 그리는 그림이 없지만, 그것 말고 이상한 그림도 그리지. 예컨대, 사람들이 꽁꽁 감추고 있는 비밀마저 들여다보게 해 주는 그림.”&#x0D;
&#x0D;
초하루 밤 열리는 귀신들의 연회. 원한에 찬 손각시와... ",20141030
24,"로스트 헤븐 4/완결 (박슬기 장편소설,일반판)",http://book.naver.com/bookdb/book_detail.php?bid=12743088,https://bookthumb-phinf.pstatic.net/cover/127/430/12743088.jpg?type=m1&udate=20171109,박슬기,12500,11250,디앤씨미디어,1126441805 9791126441808,"만 번을 기도하면, 만 번을 소망하면, 만 번의 바람개비를 돌리면,
다시 만날 수 있을까?낙원을 장악한 아브라함은 왓슨 3세와 유림마저 노리고,
그를 막기 위해 케이와 헤벨은 서로 손을 잡는다.
한편 정체불명의 약물을 맞은 유림은
자신의 내면에 숨겨진 잔인한 본성을 깨닫고 괴로워한다.

“그냥 다 그만두고... ",20171107
25,"로스트 헤븐 3 (박슬기 장편소설,일반판)",http://book.naver.com/bookdb/book_detail.php?bid=12743085,https://bookthumb-phinf.pstatic.net/cover/127/430/12743085.jpg?type=m1&udate=20171109,박슬기,12500,11250,디앤씨미디어,1126441791 9791126441792,"신이 인간을 빚어낸 것인가?
아니면 인간이 신을 지어낸 것인가?“이브가 살아 있어!
로스트 헤븐 내에 있다고!”

이브가 살아 있다는 것을 알게 된 아담은
엘 카인으로부터 그녀를 지키고자 하지만
카인의 교묘한 덫은 뱀처럼 그녀의 숨통을 조여 온다.

“나까지 죽이려고 작정한 게 아닌 이상
어떻게 델타를... ",20171107
26,"로스트 헤븐 2 (박슬기 장편소설,일반판)",http://book.naver.com/bookdb/book_detail.php?bid=12518640,https://bookthumb-phinf.pstatic.net/cover/125/186/12518640.jpg?type=m1&udate=20170906,박슬기,12500,11250,디앤씨미디어,1126441287 9791126441280,"널 잃은 내게 더 이상의 낙원은 없어.&#x0D;&#x0D;로스트 헤븐의 탄생 이전,&#x0D;신종 바이러스에 무력하게 노출된 인류.&#x0D;그들은 붉은 눈의 소녀 ‘이브’에게서 &#x0D;일그러진 희망을 발견하고…….&#x0D;&#x0D;“오늘 여러분들에게 왓슨 그룹의 미래이자 &#x0D;인류의 희망이 될 낙원,&#x0D;... ",20170905
27,공의 경계 일반판 (- 상ㆍ하권 세트),http://book.naver.com/bookdb/book_detail.php?bid=1555966,,나스 키노코,24000,,학산문화사,0000996386 9780000996381,,20050101
28,"인류 기원에 관한 설명서 (일반인들을 위한, 김교협 소설집)",http://book.naver.com/bookdb/book_detail.php?bid=11665483,https://bookthumb-phinf.pstatic.net/cover/116/654/11665483.jpg?type=m1&udate=20170222,김교협,13000,11700,렛츠북,1160540357 9791160540352,"김교협 소설집『인류 기원에 관한 설명서』. 저자는 어떤 계기로 진화론 관련 서적을 읽게 되었는데, 읽기가 무척 힘들었다. 그러나 목적을 가지고 읽기 시작했으므로 참고 읽어나가다 보니 ‘진화론’이라는 것이 그렇게 막연하고 막막하기만 한 것이 아니라 실체가 있는 것이라는 걸 알게 되었다. 이번 소설집에... ",20170220
29,방구석에 인어아가씨 (일반판),http://book.naver.com/bookdb/book_detail.php?bid=8319855,https://bookthumb-phinf.pstatic.net/cover/083/198/08319855.jpg?type=m1&udate=20190912,테일즈샵|지나가던개|가랑|류호성,7500,,영상출판미디어(영상노트),1131902033 9791131902035,"10년의 세월을 뛰어넘은 소꿉친구와의 재회. 그 소꿉친구에게는 지느러미가 달려있었다ㅡㅡ. 난데없이 민물인어로 진화해버린 소꿉친구, 귀신이랑 친한 폭력 무당소녀, 그리고 머리가 빈 납작한 인어 꼬맹이! 게임 속 매력적인 캐릭터들과 함께하는 또 다른 이야기?!",20141020
30,"아빠 말 좀 들어라! 12 (Extreme Novel,일반판)",http://book.naver.com/bookdb/book_detail.php?bid=7428275,https://bookthumb-phinf.pstatic.net/cover/074/282/07428275.jpg?type=m1&udate=20160616,마츠 토모히로,6800,,학산문화사,8968319383 9788968319389,"황금연휴를 맞아 일본에 온 사샤의 방문으로 타카나시 가의 분위기는 밝았다. 하지만 유타가 테니스부 합숙에 참가하게 되어 유타와 세 자매는 &#x0D;처음으로 연휴를 따로 보내게 된다. 한편, 소라는 다이키에게 고백을 받아 고민에 빠지고 그 여파로 유타 또한 미키에게 고백을 받게 되게 되는데…!&#x0D;인기... ",20140201
31,용의자 X의 헌신 (容疑者Xの獻身),http://book.naver.com/bookdb/book_detail.php?bid=12481857,https://bookthumb-phinf.pstatic.net/cover/124/818/12481857.jpg?type=m1&udate=20200904,히가시노 게이고,16800,15120,재인,8990982707 9788990982704,"외견상으로는 살인과 경찰 수사, 추리로 이어지는 미스터리 소설의 일반 공식을 따르고 있지만, 작품을 처음부터 끝까지 견인하는 것은 사랑과 헌신이라는 고전적이고 낭만적인 주제다. 도저히 상상하기도 믿기도 힘든 이 전대미문의 러브스토리는 마지막 페이지를 넘긴 독자들로 하여금 한동안 넋을... ",20170830
32,기억 전달자 (블루픽션 20),http://book.naver.com/bookdb/book_detail.php?bid=2920418,https://bookthumb-phinf.pstatic.net/cover/029/204/02920418.jpg?type=m1&udate=20190318,로이스 로우리,12000,10800,비룡소,8949120747 9788949120744,저는 사랑이라는 느낌을 좋아하게 되었어요 미국 청소년 문학의 대표 작가라 불리는 로이스 로리 장편소설. 모두가 잃어버린 여러 감정들을 찾아나서는 열두 살 소년의 이야기를 그려내고 있다. 1994년 뉴베리 상과 1993년 보스턴 글로브 혼 북 아너 상 수상작이다.  모두가 똑같은 형태의 가족을 가지고 동일한... ,20070518
33,"채식주의자 (한강 연작소설,맨부커 인터내셔널 수상작)",http://book.naver.com/bookdb/book_detail.php?bid=3309417,https://bookthumb-phinf.pstatic.net/cover/033/094/03309417.jpg?type=m1&udate=20200904,한강,12000,10800,창비,8936433598 9788936433598,"10년전의 이른 봄, 작가는 한 여자가 베란다에서 식물이 되고, 함께 살던 남자는 그녀를 화분에 심는 이야기 『내 여자의 열매』를 집필하였다. 언젠가 그 변주를 쓰고 싶다는 생각에서 출발하게 된 것이 바로 이 연작소설 『채식주의자』이다. 표제작인 『채식주의자』, 2005년 이상문학상 수상작... ",20071030
34,종이 동물원,http://book.naver.com/bookdb/book_detail.php?bid=14301350,https://bookthumb-phinf.pstatic.net/cover/143/013/14301350.jpg?type=m1&udate=20191202,켄 리우,15800,14220,황금가지,1158884680 9791158884680,"독특한 소재를 다루고 있음에도, 일반 대중이 누구나 실생활에서 생각해 볼 만한 소재들로 구성되어 있다.

미국인 아버지가 결혼 정보 카탈로그를 보고 선택한 여성이었던 잭의 어머니. 영어를 할 줄 아는 홍콩 출신이라고 했지만, 사실 모두 거짓이었다. 하지만 그녀에게는 특별한 한 가지가 있었다. 종이를... ",20181129
35,꿈꾸는 남자는 현실주의자 1,http://book.naver.com/bookdb/book_detail.php?bid=17692544,https://bookthumb-phinf.pstatic.net/cover/176/925/17692544.jpg?type=m1&udate=20201224,오케마루,7500,6750,소미미디어,1166114031 9791166114038,"‘서로 짝사랑한다는 것’은 애가 타는 일이다.
같은 반의 미소녀 나츠카와 아이카를 애타게 사랑하는 사죠 와타루. 그는 아이카와 서로 사랑하는 사이가 되는 것을 꿈꾸며 기죽지 않고 계속해서 접근하고 있었다.
그러던 어느 날, 와타루는 현실을 자각한다.
“저런 절벽 위의 꽃 같은 사람이랑 나랑은 안... ",20210107
36,마음 (나쓰메 소세키 소설 전집 12),http://book.naver.com/bookdb/book_detail.php?bid=10765341,https://bookthumb-phinf.pstatic.net/cover/107/653/10765341.jpg?type=m1&udate=20200228,나쓰메 소세키,13000,11700,현암사,8932317968 9788932317960,"소세키는[마음]에서 스스로를 포함하여 인간 존재 일반을 증오하는 선생님이라는 인물을 통해 현대의 우리 모습을 투영했고, 나아가 살아간다는 것의 의미, 인생의 의미, 그리고 ‘개인’이라는 큰 문제의 해답을 위한 안내자가 되어준다.&#x0D;&#x0D;[마음]은 모두 세 장으로 구성되어 있다. 첫 번째 장에서는... ",20160625
37,인생,http://book.naver.com/bookdb/book_detail.php?bid=2954076,https://bookthumb-phinf.pstatic.net/cover/029/540/02954076.jpg?type=m1&udate=20200203,위화,12000,10800,푸른숲,8971847255 9788971847251,"&lt;허삼관 매혈기&gt;의 작가, 위화의 대표작!

1994년 칸 영화제 심사위원 대상 수상작 '인생'의 원작 소설. 망나니 같은 부잣집 도련님에서 가난한 농부로 전락한 푸구이의 일생을 통해 사람이 어떻게 엄청난 고난을 견뎌내는가, 극한의 상황에서도 삶을 포기하지 않고 끝까지 살아가게 하는 힘은 무엇인가를... ",20070628
38,공중그네,http://book.naver.com/bookdb/book_detail.php?bid=1490661,https://bookthumb-phinf.pstatic.net/cover/014/906/01490661.jpg?type=m1&udate=20130128,오쿠다 히데오,12000,10800,은행나무,895660102X 9788956601021,"뾰족한 물건만 보면 오금을 못 펴는 야쿠자 중간보스, 어느 날부턴가 공중그네에서 번번이 추락하는 베테랑 곡예사, 장인이자 병원 원장의 가발을 벗겨버리고 싶은 충동에 시달리는 젊은 의사. 그리고 그들을 맞이하는 하마 같은 덩치를 지닌 엽기 정신과 의사 '이라부'와 사계절 내내 핫팬츠 차림으로 나다니는... ",20050116
39,천 개의 찬란한 태양,http://book.naver.com/bookdb/book_detail.php?bid=3311332,https://bookthumb-phinf.pstatic.net/cover/033/113/03311332.jpg?type=m1&udate=20130326,할레드 호세이니,13500,12150,현대문학,8972754013 9788972754015,"절망의 끝에서 희망을 피워낸 두 여자가 만들어내는 인간드라마 아프가니스탄에 남겨진 여성들의 삶. 이 책은 아프가니스탄 출신의 작가 할레드 호세이니의 작품으로, 절망의 끝에서 희망을 피워낸 두 여자가 만들어내는 인간드라마를 탄탄한 구성과 흡입력 강한 문체로 그려내고 있다. 전란의 소용돌이에... ",20071125
40,완득이,http://book.naver.com/bookdb/book_detail.php?bid=4454721,https://bookthumb-phinf.pstatic.net/cover/044/547/04454721.jpg?type=m1&udate=20130405,김려령,12800,11520,창비,8936433636 9788936433635,"2007년 &lt;기억을 가져온 아이&gt;로 마해송문학상을, &lt;내 가슴에 해마가 산다&gt;로 문학동네어린이문학상을 수상하며 주목해야 할 신인의 등장을 알린 김려령의 작품이다. 주인공 완득이는 가난한 집 아들에 공부도 못하지만, 싸움만큼은 누구에게도 지지 않는 열일곱 소년.",20080321
41,이방인 (2020 개정판)(양장) (개정판),http://book.naver.com/bookdb/book_detail.php?bid=16236897,https://bookthumb-phinf.pstatic.net/cover/162/368/16236897.jpg?type=m1&udate=20200908,알베르 카뮈,14500,13050,새움,1190473089 9791190473088,"“우리가 읽은 〈이방인〉은 카뮈의 〈이방인〉이 아니었다!”는 다분히 도발적인 카피를 앞세운 이 책은 번역계는 물론 일반인들까지 합세한 치열한... 그럼에도 6년 전 출간된 이정서의 〈이방인〉이 큰 관심과 주목을 끈 것은 “실제로” 직역을 통해 기존의 〈이방인〉과는 다른 〈이방인〉, 일반 독자들이... ",20200128
42,마당을 나온 암탉(출간 20주년 특별판) (출간 20주년 특별판),http://book.naver.com/bookdb/book_detail.php?bid=16342095,https://bookthumb-phinf.pstatic.net/cover/163/420/16342095.jpg?type=m1&udate=20201028,황선미,15000,13500,사계절,1160946620 9791160946628,그런가 하면 천적 관계에 있는 족제비와 잎싹이 어린 자식을 보호해야 하는 어른으로서 보여 준 ‘연대와 공감’에 놀라움을 표하기도 했다. 미국과 영국에서는 일반소설로 번역되어 나온 이 작품은 성인들의 시선에서 보면 더 큰 공감을 얻을 수 있다.,20200429
43,우리는 사랑일까,http://book.naver.com/bookdb/book_detail.php?bid=1967233,https://bookthumb-phinf.pstatic.net/cover/019/672/01967233.jpg?type=m1&udate=20180327,알랭 드 보통,14000,12600,은행나무,8956601372 9788956601373,"남녀 간의 연애심리를 독특하게 분석한 지적인 연애소설!  연애의 진행과정을 담아낸 알랭 드 보통의 지적인 연애소설 『우리는 사랑일까』. &lt;왜 나는 너를 사랑하는가&gt;와 &lt;너를 사랑한다는 건&gt;에 이은 '사랑과 인간관계 3부작'의 하나로, 3부작 중에서 여주인공의 시선으로 그려진 유일한 책이다. 20대... ",20110310
44,"교실이, 혼자가 될 때까지 (아사쿠라 아키나리 장편소설)",http://book.naver.com/bookdb/book_detail.php?bid=17523833,https://bookthumb-phinf.pstatic.net/cover/175/238/17523833.jpg?type=m1&udate=20201209,아사쿠라 아키나리,15000,13500,블루홀식스(블루홀6),1189571366 9791189571368,"제20회 본격미스터리대상 후보작, 제73회 일본추리작가협회상 후보에 동시에 노미네이트된 아사쿠라 아키나리의 《교실이, 혼자가 될 때까지》가 블루홀식스에서 출간되었다. 반전의 제왕! 이야기의 힘! 나카야마 시치리의 작품과 오승호(고 가쓰히로), 하야사카 야부사카, 이시모치 아사미, 시즈쿠이 슈스케... ",20201130
45,티모시의 유산,http://book.naver.com/bookdb/book_detail.php?bid=3105577,https://bookthumb-phinf.pstatic.net/cover/031/055/03105577.jpg?type=m1&udate=20150725,시오도어 테일러,8500,7650,뜨인돌출판사,8958071842 9788958071846,"두 눈을 잃고 나서야 비로소 소년은 진짜 세상을 보게 되었다

'생존'을 위한 몸부림 속에서 백인 소년과 흑인 노인이 피워낸 우정 이야기. 제2차 세계대전 당시, 화물선을 타고 가던 필립은 독일 전함의 공격으로 엄마와 헤어지게 되고 부상 후유증으로 시력마저 잃는다. 필립은 생명의 은인인 흑인 노인... ",20070921
46,타워 (배명훈 연작소설집),http://book.naver.com/bookdb/book_detail.php?bid=16273190,https://bookthumb-phinf.pstatic.net/cover/162/731/16273190.jpg?type=m1&udate=20200318,배명훈,13000,11700,문학과지성사,8932036012 9788932036014,"배명훈을 ‘2000년대 한국의 SF에서 가장 주목받을 만한 젊은 작가’(복도훈)로 단번에 부상시킨 그의 대표작 『타워』는 SF 소설 마니아를 넘어 일반 독자와 한국 문학계 전반의 시선을 끌기에 충분했다. 절판되고 나서 한동안 중고가가 정가의 다섯 배 이상 치솟기도 하여, 독자의 꾸준한 관심과 시장의... ",20200220
47,줄리아나 도쿄 (한정현 장편소설),http://book.naver.com/bookdb/book_detail.php?bid=14477501,https://bookthumb-phinf.pstatic.net/cover/144/775/14477501.jpg?type=m1&udate=20200908,한정현,12000,10800,스위밍꿀,1196074429 9791196074425,"이 클럽은 특히 일반 무대보다 높은 단상으로 유명했고, 여성들은 모두가 우러러보는 이 단상 위에 올라가 춤을 추었다. 저자는 줄리아나 도쿄를 직접 체험한 적 없는, 1980년 이후 태생인 인물들에게 그 흔적만을 쥐여 준다. 한주, 유키노, 김추는 각각 식당에서 우연히 본 가요 프로그램, 서랍 속의 오래된 사진 한... ",20190131
48,사랑 없는 세계 (미우라 시온 장편소설),http://book.naver.com/bookdb/book_detail.php?bid=16237148,https://bookthumb-phinf.pstatic.net/cover/162/371/16237148.jpg?type=m1&udate=20200523,미우라 시온,15800,14220,은행나무,1190492245 9791190492249,"“식물 연구 활동에 대한 정확한 묘사를 통해 일반 사회에 식물학을 잘 알렸다”는 수상 이유에서 알 수 있듯이, 꼼꼼한 답사와 취재를 바탕으로 완성된 이 소설은 문학적 상상력에 과학적 사실까지 더해져 완성도 높은 서사를 자랑한다.",20200129
49,침이 고인다,http://book.naver.com/bookdb/book_detail.php?bid=3118114,https://bookthumb-phinf.pstatic.net/cover/031/181/03118114.jpg?type=m1&udate=20161201,김애란,13000,11700,문학과지성사,8932018049 9788932018041,"그렇고 그런 일상에 단물처럼 고이는 이야기들《달려라, 아비》의 작가, 김애란의 신작 소설집. 총 8편이 수록된 이번 작품집에는 주인공들의 비루한 일상이 투명한 감성과 위트 넘치는 문체로 담겨 있다. 작가는 전작들의 공간적 배경이 되었던 편의점과 원룸에서 더 나아가 여인숙, 반지하 방 등 더 낮고 누추한... ",20070928
50,"슬레이어즈 퍼스트 박스 세트 1~16 - 전16권 (30주년 기념 슬레이어즈, NT Novel)",http://book.naver.com/bookdb/book_detail.php?bid=17591367,https://bookthumb-phinf.pstatic.net/cover/175/913/17591367.jpg?type=m1&udate=20201223,칸자카 하지메,112000,100800,니들북,113625658X 9791136256584,"라이트노벨이라는 장르가 일반 대중에게 알려지는 데 가장 큰 영향력을 행사한 금자탑과 같은 작품이다.

자칭 천재 미소녀 마도사인 주인공 리나 인버스는 “세계를 돌아보고 오라”는 언니의 한마디를 계기로 여행길에 나선다. 여행 도중 우연히 만난 가우리 가브리에프와 콤비를 이루고, 새로운 동료가... ",20201215
51,빌리 밀리건 (스물네 개의 인격을 가진 사나이),http://book.naver.com/bookdb/book_detail.php?bid=2957972,https://bookthumb-phinf.pstatic.net/cover/029/579/02957972.jpg?type=m1&udate=20180619,대니얼 키스,14800,13320,황금부엉이,8960301450 9788960301450,"내 몸과 마음속에 24명의 '다른 사람'이 살고 있다면?1977년 납치와 강간 혐의로 기소됐다가 다중인격장애와 정신이상으로 무죄 혐의를 받은 '빌리 밀리건'의 일대기를 소설 형식으로 구성한 논픽션.  &lt;앨저넌에게 꽃을&gt;의 작가 다니엘 키스가 집필했으며, 인간 정신, 인격, 자아에 관한 전혀 새로운 지평을... ",20070720
52,흑소 소설 (黑笑小說),http://book.naver.com/bookdb/book_detail.php?bid=16379611,https://bookthumb-phinf.pstatic.net/cover/163/796/16379611.jpg?type=m1&udate=20200620,히가시노 게이고,14800,13320,재인,8990982898 9788990982896,"일반 독자에게는 이 네 편의 내용이 그저 웃기기만 할지도 모르지만, 여기에는 소설가의 고독한 울부짖음이 새겨져 있다. ‘홀로 한 자 한 자 뽑아내는 작업이 얼마나 고통스러운지 알고는 있느냐, 이 녀석들아.’라고 히가시노 게이고는 외치고 있는 것이다.",20200531
53,밤의 피크닉,http://book.naver.com/bookdb/book_detail.php?bid=1886461,https://bookthumb-phinf.pstatic.net/cover/018/864/01886461.jpg?type=m1&udate=20190730,온다 리쿠,12000,10800,북폴리오,8937830892 9788937830891,"밤을 새워 80킬로미터를 걷는 「야간보행제」.&#x0D;그날 그 하룻밤의 사건은, 틀림없는 기적이었다.&#x0D;&#x0D;일본 서점 직원들이 선정하는, 제2회 서점대상 수상작. 이 상은 기존의 문학상이 독자를 책에서 멀어지게 한다는 진단에서 생겨난 상으로, 독자들과 직접 만나는 서점 직원들이 선정한 좋은 책이라는... ",20050905
54,전생했더니 슬라임이었던 건에 대하여 8,http://book.naver.com/bookdb/book_detail.php?bid=11445279,https://bookthumb-phinf.pstatic.net/cover/114/452/11445279.jpg?type=m1&udate=20161217,후세,9800,8820,소미미디어,1157106129 9791157106127,"알리면서, 자신이 맹주로서 다스리고 있는 나라인 이 템페스트에서 대규모 축제를 개최하는 것. 최고 수준의 접대와 오락거리를 제공하기 위해 마왕 이하 간부들부터 말단인 일반 시민, 그리고 작은 마왕인 라미리스까지 참가하면서, 총력을 기울인 준비가 시작됐다. 과연 템페스트 축제는 무사히 개최될 것인가?!",20170101
55,일본 근대 아동문학 걸작선,http://book.naver.com/bookdb/book_detail.php?bid=17718052,https://bookthumb-phinf.pstatic.net/cover/177/180/17718052.jpg?type=m1&udate=20210105,아쿠타가와 류노스케,16000,14400,역락,1162446293 9791162446294,"이제 일본의 아동문학에 대한 일반 독자들의 체계적·객관적·역사적 이해가 필요한 때라고 생각된다. 그것은 한국의 아동문학과도 깊은 관계가 있기 때문이다.
여기에 실린 동화 10편과 동요 20편은 대부분 다이쇼시대(大正時代, 1912~1926)에 발표된 것이다. 이 시기는 한국 아동문학의 성립기에... ",20201224
56,시계태엽 오렌지 (세계문학전집 112),http://book.naver.com/bookdb/book_detail.php?bid=1490613,https://bookthumb-phinf.pstatic.net/cover/014/906/01490613.jpg?type=m1&udate=20130128,앤서니 버지스,10000,9000,민음사,8937461129 9788937461125,이야기의 후반부는 무거운 죄질 때문에 일반 교도소에 수감된 알렉스가 교도소에서 벗어나기 위해 국가가 지원하는 새로운 교도 방식 루도비코 요법의 실험 대상에 자원하는 내용을 다룬다. 저자에 의하면 루도비코 요법이란 조건반사 원리에 바탕을 둔 세뇌 훈련이다. 　저자는 알렉스가 보여주는 폭력적 자유와... ,20050105
57,바리데기,http://book.naver.com/bookdb/book_detail.php?bid=2954327,https://bookthumb-phinf.pstatic.net/cover/029/543/02954327.jpg?type=m1&udate=20070702,황석영,13000,11700,창비,893643358X 9788936433581,거장 황석영의 4년 만의 신작 장편대륙과 대양을 넘어 전 세계인과 함께 읽는 한국소설!한겨레에 연재되어 온·오프라인에서 뜨거운 호응을 얻었던 황석영의 「바리데기」가 출간된다. 소설가 공지영은 이 작품을 읽고 “절망 이길 힘을 보았다. 소설이 언제 끝나는지도 모를 정도로 재미있었다. 타국에서 우리... ,20070713
58,사랑 후에 오는 것들,http://book.naver.com/bookdb/book_detail.php?bid=1995443,https://bookthumb-phinf.pstatic.net/cover/019/954/01995443.jpg?type=m1&udate=20200327,츠지 히토나리,12000,10800,소담출판사,8973818708 9788973818709,"한국과 일본의 두 작가가 만나 완성한 사랑 소설 두 편. 남녀가 이별하고, 슬픔을 삭이고, 다시 만나고, 사랑하는 과정을 아름답게 묘사했다. 베스트셀러 작가인 공지영과 츠지 히토나리가 그려낸 남녀의 ‘다르면서도 같은’ 마음.&#x0D;&#x0D;한국 여자와 일본 남자가 만나 사랑하는 이야기를 그린 이 두 권의... ",20051220
59,남쪽으로 튀어! 2,http://book.naver.com/bookdb/book_detail.php?bid=2497008,https://bookthumb-phinf.pstatic.net/cover/024/970/02497008.jpg?type=m1&udate=20130405,오쿠다 히데오,11500,10350,은행나무,8956601623 9788956601625,"현대인들에게 통쾌하고도 유쾌한 처방전을 제시해준 &lt;공중그네&gt;, &lt;인 더 풀&gt;의 작가 오쿠다 히데오가 선사하는 또 하나의 감동 코미디. 사회주의 학생운동에 헌신하다가 우여곡절 끝에 아나키스트로 분파한 아버지를 둔 사춘기 소년 우에하라 지로의 일상을 그린 성장소설로, 도저히 이해할 수 없는... ",20060715
60,달의 궁전,http://book.naver.com/bookdb/book_detail.php?bid=111223,https://bookthumb-phinf.pstatic.net/cover/001/112/00111223.jpg?type=m1&udate=20130203,폴 오스터,12800,11520,열린책들,893290281X 9788932902814,"'삶의 현실과 비현실의 훌륭한 혼합'이라는 평을 받는 이 책은, 자신의 삶을 극단으로 몰아감으로써 인생을 배워 나가는 세 탐구자의 초상을 그려낸 멋진 소설이다.

혼잡한 현대도시에서 황량한 변경에 이르기까지, 미국 전역을 배경으로 주인공 3대의 개인사가 펼쳐진다. 그들 모두는 이지러졌다가 다시 차는... ",20000315
61,세계 대전 Z,http://book.naver.com/bookdb/book_detail.php?bid=4600455,https://bookthumb-phinf.pstatic.net/cover/046/004/04600455.jpg?type=m1&udate=20140715,맥스 브룩스,12000,10800,황금가지,8960171379 9788960171374,"세계 각국의 정, 제계 인사와 군사전문가, 과학자, 일반 생존자 등 다양한 인종과 직업의 사람들이 모였다. 이들이 모인 이유는 UN의 ‘전후 보고서’ 때문이다. 소설은 이 사람들을 만나 인터뷰를 기록하는 방식으로 진행된다. 다큐멘터리 형식을 취하고 있는 소설은 좀비 전염병의 발단에서부터 모든 상황이... ",20080612
62,누가 내 모습을 훔쳤을까(아름다운 청소년 23) (타니아 로이드 치 장편소설),http://book.naver.com/bookdb/book_detail.php?bid=16367858,https://bookthumb-phinf.pstatic.net/cover/163/678/16367858.jpg?type=m1&udate=20201021,타니아 로이드 치,12000,10800,별숲,899779888X 9788997798889,"경찰, 기업, 은행, 언론사뿐만 아니라 일반 가정에서도 감시 카메라를 설치하기 때문이다. 전문가들은 전 세계에 2억 대가 넘는 감시 카메라가 작동하고 있을 거라고 추산한다. 이 수많은 렌즈들은 우리 삶에 어떤 영향을 미치고 있을까? 감시 카메라로 촬영된 CCTV 영상은 범죄 수사 현장뿐만 아니라... ",20200605
63,레미제라블 (인간의 영혼을 울리는 사랑),http://book.naver.com/bookdb/book_detail.php?bid=14068432,https://bookthumb-phinf.pstatic.net/cover/140/684/14068432.jpg?type=m1&udate=20201013,빅토르 위고,12700,11430,서교출판사,118588999X 9791185889993,"원작의 방대한 분량에 부담을 느끼거나 고전 읽기의 필요성을 느끼면서도 시간에 쫓기는 일반 독자와 청소년들을 위해 기획된 책으로 작품 세계와 해설을 상세하게 담았다. 

2. 특히 아동용 문고판이나 반 토막 판본을 읽고 갈증을 느끼던 독자들은 한권으로 충실하게 재탄생한 ‘레미제라블‘을 통해 원작과... ",20181030
64,플랫랜드 (모든 것이 평평한 2차원 세상),http://book.naver.com/bookdb/book_detail.php?bid=6086943,https://bookthumb-phinf.pstatic.net/cover/060/869/06086943.jpg?type=m1&udate=20180619,에드윈 애벗,10000,9000,늘봄,8988151968 9788988151969,"미치광이 정사각형이 들려주는 이상한 나라의 여행기!모든 것이 납작한 평면의 나라 '플랫랜드'에 대한 이야기『플랫랜드』. 1884년에 처음 출간된 환상 여행기의 고전으로, 미치광이 정사각형이 자신이 경험한 여러 차원의 세계에 대해 회상하는 형식이다. 미국 명문 대학들에서 신입생들이 꼭 읽어야 할... ",20090920
65,잃어버린 아이 이야기,http://book.naver.com/bookdb/book_detail.php?bid=12845844,https://bookthumb-phinf.pstatic.net/cover/128/458/12845844.jpg?type=m1&udate=20201123,엘레나 페란테,15500,13950,한길사,8935670448 9788935670444,"우리는 페란테가 써내려간 강렬하지만 섬세한 이야기 속에서 릴라와 레누 사이에 존재하는 우정과 애증은 물론 여성 일반에 내재하는 모순, 여성이 겪는 보편적 경험을 발견한다. 피에트로와 이혼한 레누는 비이성적이고 잔혹한 니노와의 사랑과 섹스에서 빠져나오지 못한다. 개인의 심연을 낱낱이... ",20171220
66,유예 (오상원 중단편선),http://book.naver.com/bookdb/book_detail.php?bid=5232003,https://bookthumb-phinf.pstatic.net/cover/052/320/05232003.jpg?type=m1&udate=20190212,오상원,10000,9000,문학과지성사,8932018863 9788932018867,"문학사 일반의 평가를 고려하면서도, 숨어 있던 명작을 새롭게 발굴해냈다. 또한 기존의 연구 성과를 바탕으로 하면서도, 새로운 시선으로 작품을 읽을 수 있도록 돕는 해설을 곁들였다. 전문가들을 초빙해 엄정하게 텍스트를 확정하였으며, 현대식 맞춤법과 띄어쓰기로 바꿔 썼다.",20081125
67,엄청나게 시끄럽고 믿을 수 없게 가까운,http://book.naver.com/bookdb/book_detail.php?bid=2510003,https://bookthumb-phinf.pstatic.net/cover/025/100/02510003.jpg?type=m1&udate=20190212,조너선 사프란 포어,13000,11700,민음사,8937480972 9788937480973,"드라마 '아이리스'에서 이병헌이 '마음을 치료하는 책'으로 소개하며 화제가 된 그 책!&#x0D;&#x0D;아마추어 발명가이자 탬버린 연주자이며, 셰익스피어의 연극배우, 보석세공사이면서 평화주의자인 오스카는 아홉 살이다. 그리고 그는 뉴욕 구석구석을 뒤져야 하는 매우 긴급하고도 비밀스러운 탐색을 수행... ",20060815
68,친절한 복희씨 (박완서 소설집),http://book.naver.com/bookdb/book_detail.php?bid=3118083,https://bookthumb-phinf.pstatic.net/cover/031/180/03118083.jpg?type=m1&udate=20201118,박완서,13000,11700,문학과지성사,8932018146 9788932018140,"박완서 신작 소설집!

삶의 정곡을 찌르는 재치와 유머, 원숙한 지혜가 담긴 박완서 신작 소설집 『친절한 복희씨』. 2001년 제1회 황순원문학상을 수상한 &lt;그리움을 위하여&gt;와 영화 '친절한 금자씨'의 제목을 패러디한 &lt;친절한 복희씨&gt;를 비롯해, 총 9편의 작품이 수록되어 있다.  

점원 겸... ",20071012
69,"한중록 (내 붓을 들어 한의 세월을 적는다, 오래된 책방04)",http://book.naver.com/bookdb/book_detail.php?bid=133389,https://bookthumb-phinf.pstatic.net/cover/001/333/00133389.jpg?type=m1&udate=20200407,혜경궁 홍씨,11700,10530,서해문집,8974831937 9788974831936,"이 책은 일반 독자층을 대상으로 한 책으로, 전문적인 내용을 비전공인 일반 독자들도 쉽게 이해할 수 있도록 풀어쓴 교양 도서이다.",20031101
70,그 여자네 집 (박완서 소설),http://book.naver.com/bookdb/book_detail.php?bid=2514338,https://bookthumb-phinf.pstatic.net/cover/025/143/02514338.jpg?type=m1&udate=20200305,박완서,12000,10800,문학동네,8954601987 9788954601986,작가 박완서의 진면목을 엿볼 수 있는 단편집!박완서 문학이 지닌 여전한 젊음의 힘을 보여주는 소설집 『그 여자네 집』. 평범하고 일상적인 소재에 서사적인 리듬과 입체적인 의미를 부여하여 다채로운 문학을 탄생시킨 작가 박완서. 이 소설집은 현대문학의 거장으로 자리잡은 그녀의 진면목을 다시 확인할... ,20130604
71,테메레르 1 (왕의 용),http://book.naver.com/bookdb/book_detail.php?bid=2954833,https://bookthumb-phinf.pstatic.net/cover/029/548/02954833.jpg?type=m1&udate=20190212,나오미 노빅,12000,10800,노블마인,8901068389 9788901068381,"나폴레옹 전쟁이 절정이었던 시대, 격렬한 용들의 공중전이 시작된다!

나폴레옹 전쟁이 한창이던 19세기 초, 용과 비행사로 구성된 각국의 공군들이 전쟁에 참전하면서 일어나는 사건들을 다룬 판타지 장편소설. '나폴레옹 시대에 용과 비행사로 구성된 공군이 있었으면 어떻게 되었을까' 라는 가설을... ",20070702
72,이유,http://book.naver.com/bookdb/book_detail.php?bid=1997285,https://bookthumb-phinf.pstatic.net/cover/019/972/01997285.jpg?type=m1&udate=20200526,미야베 미유키,14000,12600,청어람미디어,8989722802 9788989722809,"제120회 '나오키 상' 수상작!『이유』는 '일가족 4인 살인사건'에 초점을 맞추고, 이 사건을 통해 일본 사회에 내재하는 여러 가지 위태로운 현실을 들춰낸다. 이 작품은 단순히 살인사건이라는 범죄를 넘어서서, 하나의 사건에 연류된 수많은 사람들의 관련성을 보여준다. 고이토 누부야스는 거액의 대출을... ",20051220
73,책도둑 1 (마커스 주삭 장편소설),http://book.naver.com/bookdb/book_detail.php?bid=4387954,https://bookthumb-phinf.pstatic.net/cover/043/879/04387954.jpg?type=m1&udate=20201017,마커스 주삭,13000,11700,문학동네,895460496X 9788954604963,사람들은 나를 책도둑이라고 부른다!죽음의 신이 들려주는 세상에서 가장 특별한 도둑 이야기. 제2차 세계대전 당시 독일을 배경으로 전쟁의 비극과 공포 속에서도 말(言)과 책에 대한 사랑으로 삶을 버텨나갈 수 있었던 한 소녀의 이야기를 서정적이고 아름다운 필치로 철학적이고 사색적으로 그려내고 있다.... ,20150212
74,칼에 지다 상,http://book.naver.com/bookdb/book_detail.php?bid=1482909,https://bookthumb-phinf.pstatic.net/cover/014/829/01482909.jpg?type=m1&udate=20190212,아사다 지로,13800,12420,북하우스,8956051070 9788956051079,"&lt;철도원&gt;, &lt;파이란&gt;의 원작자로 우리에게 친숙한 작가 아사다 지로가 20년에 걸쳐 집필한 책으로, 일본에서만 130만부 이상이 팔린 베스트셀러다.
어떤 대의보다 가족을 지키기 위해 어떤 고통이든 감내하는 것이야말로 진정한 무사도가 아니겠냐고 말하는 어수룩한 촌뜨기 무사 이야기를, 한... ",20041209
75,라셀라스 (세계문학전집 126),http://book.naver.com/bookdb/book_detail.php?bid=1937933,https://bookthumb-phinf.pstatic.net/cover/019/379/01937933.jpg?type=m1&udate=20130318,새뮤얼 존슨,11000,9900,민음사,8937461269 9788937461262,부족한 것이 없는 '행복의 골짜기'에 살고 있는 아비시니아의 왕자 라셀라스는 자신을 둘러싼 이 행복에 의심을 품고 '골짜기 너머의 삶' 속에 벌어지는 인간들의 일반적인 운명을 탐색하기로 한다. 그리고 이 여정에 온갖 학문을 섭렵하고 은둔하며 사는 학자 이믈락과 그의 여동생 네카야 공주가 함께하게 된다.... ,20051025
76,능소화 (4백 년 전에 부친 편지),http://book.naver.com/bookdb/book_detail.php?bid=2520589,https://bookthumb-phinf.pstatic.net/cover/025/205/02520589.jpg?type=m1&udate=20200707,조두진,9000,8100,위즈덤하우스,8959131768 9788959131761,"능소화 꽃향기를 타고 4백 년 시공을 뛰어넘은 슬픈 사랑이 펼쳐진다!

일본인의 입장에서 임진왜란을 묘사한 &lt;도모유키&gt;로 2005년 한겨레 문학상을 수상한 작가 조두진의 두 번째 소설. 능소화 피던 날 만나 능소화 만발한 여름날 이별한 응태와 여늬의 애틋한 사랑 이야기를 감정이 절제된, 작가 특유의... ",20060920
77,칼에 지다 하,http://book.naver.com/bookdb/book_detail.php?bid=1482910,https://bookthumb-phinf.pstatic.net/cover/014/829/01482910.jpg?type=m1&udate=20190212,아사다 지로,13800,12420,북하우스,8956051089 9788956051086,"&lt;철도원&gt;, &lt;파이란&gt;의 원작자로 우리에게 친숙한 작가 아사다 지로가 20년에 걸쳐 집필한 책으로, 일본에서만 130만부 이상이 팔린 베스트셀러다.
어떤 대의보다 가족을 지키기 위해 어떤 고통이든 감내하는 것이야말로 진정한 무사도가 아니겠냐고 말하는 어수룩한 촌뜨기 무사 이야기를, 한... ",20041209
78,"여기, 우리가 만나는 곳",http://book.naver.com/bookdb/book_detail.php?bid=2119258,https://bookthumb-phinf.pstatic.net/cover/021/192/02119258.jpg?type=m1&udate=20200305,존 버거,15000,13500,열화당,8930101836 9788930101837,"미술평론가, 사진이론가, 다큐멘터리 작가, 사회비평가, 화가, 시인 등으로 다양하게 활동해온 영국 작가 존 버거의 자전적 소설. 작가와 같은 이름과 나이, 배경을 지닌 주인공이 리스본, 제네바, 마드리드 등 유럽의 여러 장소를 다니면서 죽은 자들과 만나고 대화한다.

돌아가신 부모, 옛 스승, 친구와 애인... ",20180705
79,"국경의 남쪽, 태양의 서쪽",http://book.naver.com/bookdb/book_detail.php?bid=2512578,https://bookthumb-phinf.pstatic.net/cover/025/125/02512578.jpg?type=m1&udate=20190212,무라카미 하루키,13800,12420,문학사상사,8970127631 9788970127637,"엇갈린 운명의 연인들, 그 '과거' 때문에 슬픈 사랑 이야기

&lt;상실의 시대&gt;, &lt;태엽감는 새&gt;, &lt;해변의 카프카&gt; 등으로 잘 알려진 무라카미 하루키 장편소설. '연애와 실연 그리고 상실'을 모티브로 한 작품들이 &lt;국경의 남쪽 태양의 서쪽&gt;을 정점으로 상처의 아픔을 치유하고 구원의 길을 제시하게... ",20060821
80,젊은 느티나무 (강신재 소설선),http://book.naver.com/bookdb/book_detail.php?bid=2971601,https://bookthumb-phinf.pstatic.net/cover/029/716/02971601.jpg?type=m1&udate=20190213,강신재,10500,9450,문학과지성사,8932017921 9788932017921,"한국의 대표적 여성작가 강신재의 중단편집

1950, 60년대 한국의 대표적 여성작가 강신재의 중단편집. 작가는 세계와 불화하는 여성 정체성의 문제에 대한 탐구를 현실적으로 심리적인 차원에서 바라보고 이를 감각적으로 이미지화했다는 평가를 받고 있다.

예의 서정적인 문체와 관조적 시선, 지적인... ",20070713
81,사랑을 말할 때 우리가 이야기하는 것,http://book.naver.com/bookdb/book_detail.php?bid=1514780,https://bookthumb-phinf.pstatic.net/cover/015/147/01514780.jpg?type=m1&udate=20130129,레이먼드 카버,10500,9450,문학동네,8982817239 9788982817236,"'미국의 체호프'라 불리며, 미국 단편소설의 르네상스를 주도한 레이먼드 카버의 소설 전집 중 두 번째 책. 카버가 스냅사진처럼 포착하고 현미경처럼 해부한 현대인들의 일상이 때로는 건조하게 때로는 가슴 아프게 펼쳐진다.
　
이 두 번째 책은 카버를 거장의 반열에 올려놓은 열일곱 편의 빛나는 중기 작품들을... ",20050224
82,한밤의 아이들 2 (문학동네 세계문학전집 80),http://book.naver.com/bookdb/book_detail.php?bid=6750854,https://bookthumb-phinf.pstatic.net/cover/067/508/06750854.jpg?type=m1&udate=20111019,살만 루슈디,14000,12600,문학동네,895461535X 9788954615358,"1981년 출간되어 그해 부커상과 테이트 블랙 메모리얼 상을 수상했으며, 이후 부커상 25주년 기념 ‘부커 오브 부커스’, 부커상 40주년을 기념해 일반 독자를 대상으로 수상작 중 가장 사랑하는 작품을 선정한 ‘베스트 오브 더 부커’를 수상, 한 작품으로 세 번의 부커상 수상이라는 문학사상 유일무이한 기록을... ",20150730
83,아라포 현자의 이세계 생활 일기 6,http://book.naver.com/bookdb/book_detail.php?bid=16108735,https://bookthumb-phinf.pstatic.net/cover/161/087/16108735.jpg?type=m1&udate=20200110,코토부키 야스키요,9000,8100,디앤씨미디어,1127853929 9791127853921,"제로스는 츠베이트 호위 임무를 완수하고 마침내 집으로 돌아왔다.
한편, 페어리 로제와 싸우고 자신의 약점을 뼈저리게 깨달은 이리스는
꼬꼬에게 가르침을 구하고 격투 훈련에 매진한다. 마도사인데도…….
한편, 양육원 아이들은 꼬꼬에게 다양한 전투 훈련을 받아
슬슬 실전 경험을 쌓아도 될 정도로 실력이... ",20200110
84,리진 2,http://book.naver.com/bookdb/book_detail.php?bid=2921022,https://bookthumb-phinf.pstatic.net/cover/029/210/02921022.jpg?type=m1&udate=20100414,신경숙,13500,12150,문학동네,8954603238 9788954603232,"궁중 무희와 프랑스 외교관의 애틋한 사랑이 펼쳐진다!

&lt;깊은 슬픔&gt;, &lt;기차는 7시에 떠나네&gt;의 작가, 신경숙 다섯 번째 장편소설 『리진』제2권 완결편. 19세기 말, 조선의 궁중 무희 '리진'과 프랑스 외교관의 사랑 이야기를 담았다. 작가는 조선의 궁정에서 프랑스 파리에 샹젤리제에 이르는 광대한... ",20070530
85,리진 1,http://book.naver.com/bookdb/book_detail.php?bid=2921021,https://bookthumb-phinf.pstatic.net/cover/029/210/02921021.jpg?type=m1&udate=20091215,신경숙,13500,12150,문학동네,895460322X 9788954603225,"신경숙 작가가 6년이라는 긴 침묵을 깨고 펴낸 장편소설. 궁중 무희의 신분으로 프랑스 외교관을 사랑한 실존 여인, '리진'의 삶을 그린 작품이다. 19세기말, 시대의 역동 속에서 자기만의 운명과 사랑을 만들어간 한 여인의 모습이 섬세하고 아름답게 그려졌다.'내가 리진의 존재를 처음 알게 된 것은 사 년... ",20070530
86,한밤의 아이들 1 (세계문학전집 79),http://book.naver.com/bookdb/book_detail.php?bid=6750853,https://bookthumb-phinf.pstatic.net/cover/067/508/06750853.jpg?type=m1&udate=20111019,살만 루슈디,14000,12600,문학동네,8954615341 9788954615341,"1981년 출간되어 그해 부커상과 테이트 블랙 메모리얼 상을 수상했으며, 이후 부커상 25주년 기념 ‘부커 오브 부커스’, 부커상 40주년을 기념해 일반 독자를 대상으로 수상작 중 가장 사랑하는 작품을 선정한 ‘베스트 오브 더 부커’를 수상, 한 작품으로 세 번의 부커상 수상이라는 문학사상 유일무이한 기록을... ",20111010
87,행복한 청소부 (세상을 아름답게 만드는),http://book.naver.com/bookdb/book_detail.php?bid=14824617,https://bookthumb-phinf.pstatic.net/cover/148/246/14824617.jpg?type=m1&udate=20190508,모니카 페트,12000,10800,풀빛,116172138X 9791161721385,"하지만 많은 독자들이 안타깝게 여긴 것이 바로 그림책이란 이유로, 청소년 및 일반 독자에게 전해지기가 쉽지 않다는 것이었다. 그래서 책에 담겨진 진지하고도 따뜻한 내용을 여러 독자층에게 폭넓게 공감할 수 있는 방법이 없을까? 라는 고민을 하게 되었고, 여러 가지 방법을 모색한 끝에 세 권의 책을 한데... ",20190417
88,책도둑 2/완결,http://book.naver.com/bookdb/book_detail.php?bid=4387956,https://bookthumb-phinf.pstatic.net/cover/043/879/04387956.jpg?type=m1&udate=20100414,마커스 주삭,13000,11700,문학동네,8954604978 9788954604970,"사람들은 나를 책도둑이라고 부른다!

죽음의 신이 들려주는 세상에서 가장 특별한 도둑 이야기. 제2차 세계대전 당시 독일을 배경으로 전쟁의 비극과 공포 속에서도 말(言)과 책에 대한 사랑으로 삶을 버텨나갈 수 있었던 한 소녀의 이야기를 서정적이고 아름다운 필치로 철학적이고 사색적으로 그려내고 있다.... ",20150318
89,"비탄의 아리아 29 (맹약의 첩후,에스피오나시, J Novel)",http://book.naver.com/bookdb/book_detail.php?bid=16390002,https://bookthumb-phinf.pstatic.net/cover/163/900/16390002.jpg?type=m1&udate=20200707,아카마츠 츄가쿠,7000,6300,서울미디어코믹스(서울문화사),1136719288 9791136719287,"그 최고 레벨인 S랭크 무정·아리아의 파트너로 선택된 (평소에는) 그냥 일반
인인 토오야마 킨지.
네모와 함께 무인도 생활을 마치고 귀환한 킨지는 무정청과 공안 0과에게 사립 여자 고등
학교에 잠입해 수사하라는 명령을 받는다. 학생들 사이에 잠복한 ‘N’의 간부인 히드라를
체포하기 위해서다. 자신의... ",20200624
90,렉싱턴의 유령 (무라카미 하루키 소설),http://book.naver.com/bookdb/book_detail.php?bid=2094585,https://bookthumb-phinf.pstatic.net/cover/020/945/02094585.jpg?type=m1&udate=20190212,무라카미 하루키,13500,12150,문학사상,8970127356 9788970127354,독자적 풍경을 가진 작은 우주 같은 단편들!무라카미 하루키 단편문학의 정수를 보여주는 작품집 『렉싱턴의 유령』. 1996년에 발표된 이 책에는 하루키가 1991년부터 장편 《태엽감는 새》를 전후해 집필한 환상적인 단편들이 수록되어 있다. 로카르노국제영화제 3개 부문을 수상한 영화 《토니 다키타니》의... ,20060113
91,캐비닛 (제12회 문학동네소설상 수상작),http://book.naver.com/bookdb/book_detail.php?bid=2620307,https://bookthumb-phinf.pstatic.net/cover/026/203/02620307.jpg?type=m1&udate=20170718,김언수,12000,10800,문학동네,8954602592 9788954602594,"2006년 제12화 문학동네 소설상 수상작. 세상의 진실을 있는 그대로 고스란히 담아두는 '13호 캐비닛'을 무대로 펼쳐지는 이야기로, 탄탄한 필력과 구성진 입심으로 싱싱하고 리얼한 이야기를 들려준다. 3부로 구성된 각각의 파트는 독립적인 에피소드들이 상호연결되어 독특한 구성을 선보이고 있다.

작품의... ",20061221
92,초정리 편지,http://book.naver.com/bookdb/book_detail.php?bid=2910816,https://bookthumb-phinf.pstatic.net/cover/029/108/02910816.jpg?type=m1&udate=20201028,배유안,12800,11520,창비,8936433571 9788936433574,"청소년과 성인을 위한 『초정리 편지』양장본

한글 창제의 의의를 되살린 역사동화 『초정리편지』양장본. 창비출판사 제10회 '좋은 어린이책' 창작 부분 대상 수상작인 이 작품을 청소년과 성인을 대상으로 하여, 새로운 디자인과 판형으로 새롭게 펴냈다. 

소설은 세종대왕의 일화에서 건져낸 한글 창제의... ",20070503
93,부끄러움을 가르칩니다,http://book.naver.com/bookdb/book_detail.php?bid=2514332,https://bookthumb-phinf.pstatic.net/cover/025/143/02514332.jpg?type=m1&udate=20130617,박완서,12000,11700,문학동네,8954601936 9788954601931,"박완서의 단편소설 전집 제1권 『부끄러움을 가르칩니다』&lt;개정판&gt;. 1971년 3월부터 1975년 6월까지 발표한 작가의 초기 소설을 수록하였다. 이 소설들에는 6.25전쟁의 파괴성, 그후에 급속히 찾아온 산업화의 폐해 등 부조리한 현실세계에 안주함으로써 더 큰 절망감에 빠지는 인물의 모습이 집중적으로... ",20060825
94,독신 마법사 기숙 아파트 세트(전3권) (기르답 장편소설),http://book.naver.com/bookdb/book_detail.php?bid=16368069,https://bookthumb-phinf.pstatic.net/cover/163/680/16368069.jpg?type=m1&udate=20200611,기르답,39000,35100,파란미디어,8963717631 9788963717630,"자고로 마법사들이란 생활 능력 0, 일반 상식 0, 공감 능력 0! 
마법 빼고는 관심 없는 이상한 사람들 아닌가?

나라에서 허가하지 않은 마법 도구와 실험들이 난무하는 독신 마법사 기숙 아파트.
더구나 마법이 특별히 사랑하는 체질의 랑세는 원치 않는 사건 사고에 휘말리게 되는데…….

이웃 주민이 보낸 마법... ",20200609
95,"마리아비틀 (Maria Beetle,이사카 고타로 장편소설)",http://book.naver.com/bookdb/book_detail.php?bid=15909250,https://bookthumb-phinf.pstatic.net/cover/159/092/15909250.jpg?type=m1&udate=20200305,이사카 코타로,16800,15120,알에이치코리아,8925567865 9788925567860,"인간의 폭력과 악의 근원은 무엇인가?《골든 슬럼버》, 《사신 치바》 등 다수의 흥행작을 탄생시키며 미스터리 소설 독자뿐만 아니라 일반 독자들까지 사로잡은 작가 이사카 고타로의 「킬러 시리즈」 두 번째 이야기 『마리아비틀(MARIA BEETLE)』. 우연히 신칸센에 올라탄 킬러들의 쫓고 쫓기는 추격전을 그린... ",20191125
96,토요일의 주인님 세트(전3권) (섬온화 장편소설),http://book.naver.com/bookdb/book_detail.php?bid=16686183,https://bookthumb-phinf.pstatic.net/cover/166/861/16686183.jpg?type=m1&udate=20200922,섬온화,42000,37800,곁,1165253399 9791165253394,"『토요일의 주인님』은 섬온화 작가의 BL 소설로, 2017년 전자책으로 출간하여 수많은 독자의 사랑을 받아 온 인기 작품이다. 소설은 대기업 래원의 컨설팅팀 팀장인 한주원과 그가 이끄는 TF팀에 발을 들이게 된 사원 이서단을 중심으로 전개되며, 두 주인공 사이 점차 완성되어 가는 관계성은 물론, 탄탄하게... ",20200910
97,낙타샹즈 (중국 현대소설선 2),http://book.naver.com/bookdb/book_detail.php?bid=4399501,https://bookthumb-phinf.pstatic.net/cover/043/995/04399501.jpg?type=m1&udate=20190212,라오서,13000,11700,황소자리,8991508413 9788991508415,"내가 소개하고자 하는 이는 샹즈이지 낙타가 아니다!

베이징에 사는 인력거꾼 샹즈의 비참한 일생을 그린 중국 작가, 라오서 대표작. 착하고 성실했던 한 청년의 삶에 스며든 퇴행적 개인주의의 파괴력, 20세기 초 북경 사람들의 일상사, 부패한 권력이 개인의 삶에 가하는 야만적 폭력 등을 문학적으로 형상화한... ",20080210
98,위대한 개츠비 (청소년 징검다리 클래식 17),http://book.naver.com/bookdb/book_detail.php?bid=4351185,https://bookthumb-phinf.pstatic.net/cover/043/511/04351185.jpg?type=m1&udate=20210114,F. 스콧 피츠제럴드,11000,9900,푸른숲,8971847573 9788971847572,"F. 스콧 피츠제럴드 대표작. 가난 때문에 잃어버린 첫사랑의 여인을 되찾기 위해 수단과 방법을 가리지 않고 돈을 모아 부자가 된 주인공 개츠비가 또다시 그녀에게 배신을 당하고 파멸을 맞게 되는 과정을 담았다.

1920년대 미국을 배경으로 현대 물질 문명의 황폐한 이면을 하드보일드 스타일로 묘사한... ",20071220
99,1973년의 핀볼 (무라카미 하루키 자전적 소설),http://book.naver.com/bookdb/book_detail.php?bid=4350297,https://bookthumb-phinf.pstatic.net/cover/043/502/04350297.jpg?type=m1&udate=20190212,무라카미 하루키,13500,12150,문학사상사,8970128034 9788970128030,"무라카미 하루키 자전적 소설

무라카미 하루키 자전적 소설.  과거가 되어버린 환상의 핀볼 머신을 찾아 여행하는 주인공이 상실의 고통과 허무를 딛고 묵묵히 현실을 견뎌대는 과정을 그린 이 책은 &lt;바람의 노래를 들어라&gt;의 속편으로 씌어져, 다음 작품 &lt;양을 둘러싼 모험&gt;으로 이어진다. 

1973년... ",20071203
100,바람의 노래를 들어라,http://book.naver.com/bookdb/book_detail.php?bid=2129452,https://bookthumb-phinf.pstatic.net/cover/021/294/02129452.jpg?type=m1&udate=20170511,무라카미 하루키,11000,9900,문학사상사,8970127194 9788970127194,"무라카미 하루키 처녀작이자 자전적 소설 『바람의 노래를 들어라』양장본. 일본의 군조신인상 수상작이다. 젊은 날의 격정적인 시간을 보낸 뒤 밀려든 허무감과 깊은 상실감, 그리고 그것을 극복하고 재생하고자 하는 젊은이들의 여정을 그려내고 있다. 메마른 청춘의 편린을 작가 특유의 경쾌한 문장으로... ",20060324
101,특별한 배달 (김선영 장편소설),http://book.naver.com/bookdb/book_detail.php?bid=13977082,https://bookthumb-phinf.pstatic.net/cover/139/770/13977082.jpg?type=m1&udate=20210112,김선영,13500,12150,자음과모음,8954439039 9788954439039,"김선영의 작품은 성인 독자가 읽어도 손색없을 정도로 의미 있는 소설이지만 안타깝게도 청소년문학에 대한 편견 혹은, 외형적인 모습으로 인해 그간 일반 독자의 선택에서 다소 멀어졌던 경향이 있다. 이런 안타까운 상황을 개선하고, 김선영의 밀도 높은 작품을 일반 독자에게 널리 소개하고자 리커버... ",20180903
102,시간을 파는 상점 (김선영 장편소설),http://book.naver.com/bookdb/book_detail.php?bid=13977077,https://bookthumb-phinf.pstatic.net/cover/139/770/13977077.jpg?type=m1&udate=20201208,김선영,13500,12150,자음과모음,8954439020 9788954439022,"김선영의 작품은 성인 독자가 읽어도 손색없을 정도로 의미 있는 소설이지만 안타깝게도 청소년문학에 대한 편견 혹은, 외형적인 모습으로 인해 그간 일반 독자의 선택에서 다소 멀어졌던 경향이 있다. 이런 안타까운 상황을 개선하고, 김선영의 밀도 높은 작품을 일반 독자에게 널리 소개하고자 리커버... ",20180903
103,내일은 도시를 하나 세울까 해,http://book.naver.com/bookdb/book_detail.php?bid=3119484,https://bookthumb-phinf.pstatic.net/cover/031/194/03119484.jpg?type=m1&udate=20150716,O.T. 넬슨,9500,8550,뜨인돌출판사,8958071850 9788958071853,"어른이 멸종된 시대, 아이들의 기상천외한 서바이벌이 시작된다!

가까운 미래, 의문의 바이러스가 세상을 휩쓸어 12세 이하의 아이들만 세상에 남는다. 순식간에 잃어버린 문명의 혜택과 어른들의 보살핌. 순수하기만 했던 아이들의 세계에서 서서히 폭력과 약탈 등 어두운 면이 드러나는 한편, 스스로를 지키기... ",20071010
104,파이 이야기,http://book.naver.com/bookdb/book_detail.php?bid=1472560,https://bookthumb-phinf.pstatic.net/cover/014/725/01472560.jpg?type=m1&udate=20141223,얀 마텔,14000,12600,작가정신,8972882437 9788972882435,"이 시대가 낳은 모험소설의 고전! 황홀하고, 멋지고, 쾌활한 상상력으로 가득한 이야기  세계적인 베스트셀러 『파이 이야기』(원제: Life of Pi)는 열여섯 살 인도 소년 ‘파이’가 사나운 벵골 호랑이와 함께 구명보트에 몸을 싣고 227일 동안 태평양을 표류한 이야기다. 2002년 부커상을 수상한 이 작품은 전 세계... ",20041105
105,한씨연대기 (황석영 소설),http://book.naver.com/bookdb/book_detail.php?bid=16359455,https://bookthumb-phinf.pstatic.net/cover/163/594/16359455.jpg?type=m1&udate=20200520,황석영,12000,10800,문학동네,8954671586 9788954671583,북에서 당원과 군인보다 위급한 일반 환자를 먼저 돌보았다는 이유로 투옥되었던 주인공이 목숨을 걸고 넘어온 남쪽에서도 주변에 이용당하다 간첩으로 몰려 고초를 겪는 과정은 분단이라는 역사적 사건이 개인사의 층위에서 어떤 뒤틀림과 단절로 작용하는지를 소설만이 가능한 방식으로 증거하는... ,20200515
106,달의 바다 (제12회 문학동네작가상 수상작),http://book.naver.com/bookdb/book_detail.php?bid=3024824,https://bookthumb-phinf.pstatic.net/cover/030/248/03024824.jpg?type=m1&udate=20150319,정한아,9500,8550,문학동네,8954603645 9788954603645,"2007년 제12회 문학동네작가상 당선작

취업준비생인 '나'의 이야기와 우주비행사 고모가 보내온 편지가 교차하며 '현실과 환상'을 촘촘히 엮어낸 정한아 장편소설. 현실과 환상을 넘나들며 짜임새 있게 이야기를 풀어나가는 솜씨와 흡입력 있는 묘사, 그 속에 담겨 있는 삶에 대한 통찰과 인간을 향한 따뜻한... ",20070731
107,일리아스 (트로이 전쟁의 영웅들),http://book.naver.com/bookdb/book_detail.php?bid=12438338,https://bookthumb-phinf.pstatic.net/cover/124/383/12438338.jpg?type=m1&udate=20190904,호메로스|아우구스테 레히너,13000,11700,문학과지성사,8932030219 9788932030210,"일반적으로 이 작품은 우리에게 트로이 전쟁을 다룬 이야기로 잘 알려져 있지만 트로이 전쟁을 그 시작부터 차근차근 다루었다기보다, 트로이 전쟁이... 아닌 일반 독자들이 원전에 접근하기란 결코 쉽지 않다. 

이와 같은 특성을 지닌 호메로스의 원작을 쉽고 생생한 언어로 평역하여 펴낸 것이 바로 이... ",20170715
108,Lv2부터 치트였던 전직 용사후보의 유유자적 이세계 라이프 1,http://book.naver.com/bookdb/book_detail.php?bid=14723172,https://bookthumb-phinf.pstatic.net/cover/147/231/14723172.jpg?type=m1&udate=20190923,키노조 미야,9500,8550,소미미디어,1163893889 9791163893882,"이세계 클라이로드 마법국에 용사 후보로 소환된 버나저는, 능력이 일반시민이나 마찬가지였기에 용사 실격의 낙인이 찍히고 만다.
착오로 인해 송환되지 못한 버나저는 원래의 세계로 돌아갈 수 없게 되어버리고――?!
어쩔 수 없이 이세계에서 살게 된 버나저는 숲을 덮친 슬라임을 격퇴하여 레벨 업을 한다. 그... ",20190414
109,토요일의 주인님 3 (섬온화 장편소설),http://book.naver.com/bookdb/book_detail.php?bid=16686180,https://bookthumb-phinf.pstatic.net/cover/166/861/16686180.jpg?type=m1&udate=20200914,섬온화,14000,12600,곁,1165253429 9791165253424,"『토요일의 주인님』은 섬온화 작가의 BL 소설로, 2017년 전자책으로 출간하여 수많은 독자의 사랑을 받아 온 인기 작품이다. 소설은 대기업 래원의 컨설팅팀 팀장인 한주원과 그가 이끄는 TF팀에 발을 들이게 된 사원 이서단을 중심으로 전개되며, 두 주인공 사이 점차 완성되어 가는 관계성은 물론, 탄탄하게... ",20200910
110,악기들의 도서관 (김중혁 소설),http://book.naver.com/bookdb/book_detail.php?bid=4531622,https://bookthumb-phinf.pstatic.net/cover/045/316/04531622.jpg?type=m1&udate=20210114,김중혁,11800,10620,문학동네,8954605672 9788954605670,"전작에서 그가 독특하고 오래된, 그러나 이제는 쓸모없어진 사물들―예컨대 자전거, 라디오 타자기, 지도 등―을 고르고 모아 이름을 불러주고 그 사물들을 일반명사가 아닌 어떤 고유한 존재 하나의 ‘고유명사’로 되살려놓았다면, 두번째 작품집 『악기들의 도서관』에서 작가는 온갖 소리들―피아노... ",20080423
111,제발 조용히 좀 해요,http://book.naver.com/bookdb/book_detail.php?bid=146268,https://bookthumb-phinf.pstatic.net/cover/001/462/00146268.jpg?type=m1&udate=20130205,레이먼드 카버,13500,12150,문학동네,8982817581 9788982817588,"'헤밍웨이 이후 가장 영향력 있는 소설가’라 불리는 레이먼드 카버의 첫번째 소설집. 카버의 초기 단편 스물두 편이 실려 있다. 아이들의 개를 몰래 갖다버리는 아버지, 아내를 근사하게 치장하여 차를 팔아보려는 파산자, 이웃의 사생활을 엿보며 기쁨을 얻는 부부, 파경을 앞둔 부모를 기쁘게 하려는 철없는... ",20040320
112,미치도록 가렵다 (김선영 장편소설),http://book.naver.com/bookdb/book_detail.php?bid=13977090,https://bookthumb-phinf.pstatic.net/cover/139/770/13977090.jpg?type=m1&udate=20210112,김선영,13500,12150,자음과모음,8954439047 9788954439046,"김선영의 작품은 성인 독자가 읽어도 손색없을 정도로 의미 있는 소설이지만 안타깝게도 청소년문학에 대한 편견 혹은, 외형적인 모습으로 인해 그간 일반 독자의 선택에서 다소 멀어졌던 경향이 있다. 이런 안타까운 상황을 개선하고, 김선영의 밀도 높은 작품을 일반 독자에게 널리 소개하고자 리커버... ",20180903
113,열쇠,http://book.naver.com/bookdb/book_detail.php?bid=13875606,https://bookthumb-phinf.pstatic.net/cover/138/756/13875606.jpg?type=m1&udate=20200305,다니자키 준이치로,9800,8820,민음사,893742942X 9788937429422,"『열쇠』는 거장조차도 매너리즘에 빠지기 쉬운 시기에 돌연 이제껏 고수해 온 형식과 주제, 문체까지 전부 타파하며 다시금 문단의 정중앙을 조준한 야심작(가라타니 고진, “다니자키 준이치로는 이 작품으로 화려하고도 완벽하게 부활했다.”)이자 일반 독자부터 비평가, 심지어 정계에 이르기까지 ‘외설... ",20180803
114,"어느 날, 신이 내게 왔다",http://book.naver.com/bookdb/book_detail.php?bid=2691697,https://bookthumb-phinf.pstatic.net/cover/026/916/02691697.jpg?type=m1&udate=20200708,백승남,9000,8100,위즈덤하우스,8959131997 9788959131990,"넌 신이 선택한 아이야!「어린이문학」에 동화를 발표하며 등단한 백승남의 소설. 작가가 우연히 알게 된 열다섯 살 남학생의 이야기를 모티브로 한 이 소설은, 우연히 줍게 된 검은 수첩으로 인해 바뀌어가는 주인공의 모습을 담아내고 있다. 독특하고 몽환적인 컬러 일러스트가 작품의 재미를 더해준다.

틈만... ",20070215
115,네가 누구든 얼마나 외롭든 (김연수 장편소설),http://book.naver.com/bookdb/book_detail.php?bid=3118000,https://bookthumb-phinf.pstatic.net/cover/031/180/03118000.jpg?type=m1&udate=20111102,김연수,12000,10800,문학동네,895460398X 9788954603980,작가 김연수에게 1991년은 '세계관의 원점'이었다. 역사를 회의하고 진실을 열망하게 된 분기점이었다. 장편소설 &lt;네가 누구든 얼마나 외롭든&gt;은 몇 겹의 눈으로 들여다본 그 시절의 이야기이다. 작중화자는 1991년 여름 이른바 '5월투쟁'이 끝난 후 정체성의 혼란을 겪고 있던 대학생 '나'. 하지만 '나'는... ,20070928
116,"기억나지 않음, 형사 (遺忘·刑警)",http://book.naver.com/bookdb/book_detail.php?bid=10290451,https://bookthumb-phinf.pstatic.net/cover/102/904/10290451.jpg?type=m1&udate=20200711,찬호께이,12800,11520,한스미디어,8959759597 9788959759590,"진범을 찾아냈다고 생각한 순간부터 시작되는 반전!중국어권 추리소설의 창작 활성화와 일반 대중의 추리문학에 대한 관심과 이해를 높이기 위해 일본 본격추리계의 거장 시마다 소지의 동의와 지지를 얻어 2년에 한 번씩 수상작을 내고 있는 시마다 소지 추리소설상의 제2회 수상작 『기억나지 않음, 형사』... ",20160310
117,사쿠라장의 애완 그녀 10.5,http://book.naver.com/bookdb/book_detail.php?bid=8005038,https://bookthumb-phinf.pstatic.net/cover/080/050/08005038.jpg?type=m1&udate=20140812,카모시다 하지메,6800,6120,디앤씨미디어,8926796280 9788926796283,"2권변태와 천재와 일반인이 만들어내는, 청춘학원 러브 코미디 제2탄. 학원 괴짜들의 소굴 '사쿠라장'에서 천재화가 마시로의 “보모역”을 하고 있는 나. 어떻게든 마시로에게 일반 상식을 가르치기 위해... 천재와 일반인이 만들어내는 청춘학원 러브 코미디 단편집.7권놀라움과 함께 시작된 새 학기, 내 앞에... ",20140810
118,배반의 여름 (박완서 소설),http://book.naver.com/bookdb/book_detail.php?bid=2514333,https://bookthumb-phinf.pstatic.net/cover/025/143/02514333.jpg?type=m1&udate=20200305,박완서,13000,11700,문학동네,8954601944 9788954601948,작가 박완서의 진면목을 엿볼 수 있는 단편집!박완서의 소설집 『배반의 여름』. 평범하고 일상적인 소재에 서사적인 리듬과 입체적인 의미를 부여하여 다채로운 문학을 탄생시킨 작가 박완서. 이 소설집은 현대문학의 거장으로 자리잡은 그녀의 진면목을 다시 확인할 수 있는 단편들을 모아 소개하는... ,20130604
119,아홉가지 이야기,http://book.naver.com/bookdb/book_detail.php?bid=1487447,https://bookthumb-phinf.pstatic.net/cover/014/874/01487447.jpg?type=m1&udate=20130704,제롬 데이비드 샐린저,11000,9900,문학동네,8982819053 9788982819056,"&lt;호밀밭의 파수꾼&gt;의 작가 J.D.샐린저 문학의 진수를 보여주는 단편소설 아홉 편을 추리고 모은 소설집.
　
'글래스 가(家) 연작 소설'의 첫 작품이자 샐린저에게 작가의 길을 열어 준 작품이기도 한 「바나나피시를 위한 완벽한 날」을 비롯한 8편의 단편 소설은 미국 현대 문학의 대가인 샐린저의 문학적... ",20041224
120,떨리는 손(욜로욜로),http://book.naver.com/bookdb/book_detail.php?bid=16265191,https://bookthumb-phinf.pstatic.net/cover/162/651/16265191.jpg?type=m1&udate=20200424,김창규|이명현|이은희|이종필|정경숙,13000,11700,사계절,1160945373 9791160945379,과학이라는 가장 개인적인 영역 속에서 가장 창의적인 영감을 길어 올린 네 명의 과학자와 자신이 써왔던 SF와는 결이 다른 판타지에 도전한 SF 작가의 협업이 완성해낸 소설집『떨리는 손』은 SF 독자뿐만 아니라 일반 독자들에게도 신선한 재미를 선사할 것이다.&#x0D;,20200228
121,두 도시 이야기 (A tale of two cities),http://book.naver.com/bookdb/book_detail.php?bid=4305952,https://bookthumb-phinf.pstatic.net/cover/043/059/04305952.jpg?type=m1&udate=20210114,찰스 디킨스,11000,9900,푸른숲주니어,8971847565 9788971847565,"소용돌이 치는 혁명의 한복판에서 진정한 사랑과 희생이 주는 감동을 만난다!

찰스 디킨스가 쓴 역사 소설이자 연애 소설. 프랑스 혁명 당시 영국 런던과 프랑스 파리를 배경으로, 사랑하는 여인의 남편을 대신해 단두대의 이슬로 사라진 한 남자의 처절하고 애절한 사랑을 표현하고 있다. 

소설은 프랑스... ",20071129
122,외딴집 상,http://book.naver.com/bookdb/book_detail.php?bid=3292737,https://bookthumb-phinf.pstatic.net/cover/032/927/03292737.jpg?type=m1&udate=20100414,미야베 미유키,12000,10800,북스피어,8991931308 9788991931305,"미야베 미유키 시대 미스터리 장편소설!

&lt;스나크 사냥&gt;, &lt;이름 없는 독&gt;의 작가, 미야베 미유키 시대 미스터리 장편소설. 에도 시대를 배경으로, 죄인이 유폐된 저택에 하녀로 살게 된 무구한 소녀 '호'와, 악령으로 마을 사람들에게 두려움의 대상이 된 남자의 유대를 그려내고 있다. 작가는 이 작품을... ",20071031
123,"슬라임을 잡으면서 300년, 모르는 사이에 레벨MAX가 되었습니다 7",http://book.naver.com/bookdb/book_detail.php?bid=15132693,https://bookthumb-phinf.pstatic.net/cover/151/326/15132693.jpg?type=m1&udate=20190716,모리타 키세츠,10000,9000,영상출판미디어(영상노트),1164662317 9791164662319,"마왕에 함정에 빠져 귀엽고 복슬복슬해지는 마녀님…… 그 전말은?
전생의 여신님과 재회도 하고, 피라미드 비슷한 유적에서 환상의 고대 문명을 다스리는 악령의 왕과도 만난다! 막판에는 바알제붑의 시끌벅적 워킹 라이프 「일반 공무원으로 일하면서 1500년~ (생략)」도 같이 전해드립니다!!",20190720
124,악스 (AX),http://book.naver.com/bookdb/book_detail.php?bid=13648880,https://bookthumb-phinf.pstatic.net/cover/136/488/13648880.jpg?type=m1&udate=20200305,이사카 코타로,14800,13320,알에이치코리아,8925563711 9788925563718,"이사카 고타로는 《골든 슬럼버》 《사신 치바》 등 다수의 흥행작을 낳으며 미스터리 소설 독자뿐만 아니라 일반 독자들까지 사로잡아왔다. 얼마 전 국내에서 일본판에 이어 두 번째로 영화화되어 화제가 된 《골든 슬럼버》를 비롯해 지금까지 11개 작품이 영화화되었고, 세계 10여 개국에서 다수의 작품이... ",20180615
125,악인 (요시다 슈이치 장편소설),http://book.naver.com/bookdb/book_detail.php?bid=4323772,https://bookthumb-phinf.pstatic.net/cover/043/237/04323772.jpg?type=m1&udate=20200817,요시다 슈이치,12000,10800,은행나무,8956602158 9788956602158,아사히 신문 인기 연재! 일본 언론과 문예지 선정 2007 최고의 소설!&#x0D;청춘남녀의 심리를 섬세한 필치로 그려온 요시다 슈이치가 이번에는 인간 심연의 악의를 파헤친다.&#x0D;&#x0D;데뷔 10년만에 놀라운 도약을 이룬 그는 '감히 나의 대표작이라 하겠습니다'라는 말로 이 작품을 소개한다. 아쿠타가와 상... ,20080115
126,자고 일어났더니 미국인,http://book.naver.com/bookdb/book_detail.php?bid=17597688,https://bookthumb-phinf.pstatic.net/cover/175/976/17597688.jpg?type=m1&udate=20201217,한성규,12000,10800,맑은샘,1157784674 9791157784677,"재미있게 읽어 나가시면서 하루에 한 문장씩 영어를 배울 수 있게 한 챕터가 끝날 때마다 영어 공부 부분을 첨부했습니다.
일반 영어권 직장에서 쓰는 표현이기 때문에 나중에 혹시라도 미국에 진출하거나 외국계 회사로 이직해서 외국인들에게 둘러싸여 일하게 될 때 분명 도움이 되실 것입니다.",20201204
127,외딴집 하 (미야베 월드 제2막),http://book.naver.com/bookdb/book_detail.php?bid=3292738,https://bookthumb-phinf.pstatic.net/cover/032/927/03292738.jpg?type=m1&udate=20100414,미야베 미유키,13000,11700,북스피어,8991931316 9788991931312,"미야베 미유키 시대 미스터리 장편소설!

&lt;스나크 사냥&gt;, &lt;이름 없는 독&gt;의 작가, 미야베 미유키 시대 미스터리 장편소설. 에도 시대를 배경으로, 죄인이 유폐된 저택에 하녀로 살게 된 무구한 소녀 '호'와, 악령으로 마을 사람들에게 두려움의 대상이 된 남자의 유대를 그려내고 있다. 작가는 이 작품을... ",20071031
128,사람은 무엇으로 사는가,http://book.naver.com/bookdb/book_detail.php?bid=15304229,https://bookthumb-phinf.pstatic.net/cover/153/042/15304229.jpg?type=m1&udate=20200305,레프 니콜라예비치 톨스토이,13800,12420,모모북스,119675490X 9791196754907,"인간이 자기 스스로의 행복만 생각하고 살면 그 희망은 서로 충돌하기 때문에 도저히 행복해질 수 없다. 즉, 톨스토이는 이성의 활동인 사랑을 가지고 일반 선을 위해 살아가는 것이 인생 최고의 목적이며 그 가운 데 올바른 행복이 존재한다고 믿었다.&#x0D;",20190729
129,소돔의 120일,http://book.naver.com/bookdb/book_detail.php?bid=6981758,https://bookthumb-phinf.pstatic.net/cover/069/817/06981758.jpg?type=m1&udate=20120912,마르키 드 사드,20000,18000,동서문화사,8949707624 9788949707624,"또한 가톨릭교회는 일반신도의 신앙을 보호하기 위해 오랫동안 사드의 저작을 '금서목록'에 넣어 사람들 눈에 띄지 않게 했다.

독일 정신의학자 크라프트 에빙은 프랑스의 소설가 사드의 이름을 빌려, '상대에 대해 정신적.신체적 굴욕과 고통을 줌으로써 성적 만족을 얻는 이상성욕'을 '사디즘'이라... ",20120815
130,나의 가장 나종 지니인 것,http://book.naver.com/bookdb/book_detail.php?bid=2514340,https://bookthumb-phinf.pstatic.net/cover/025/143/02514340.jpg?type=m1&udate=20130617,박완서,12000,11700,문학동네,8954601979 9788954601979,"5권 『나의 가장 나종 지니인 것』에는 1987년 1월에서 1994년 4월까지 발표되었던 작품들이 수록되어 있다. 여기에서는 가족의 죽음을 다루고 있는 작품이 네 개나 있는데 그중「여덟 개의 모자로 남은 당신」은 남편의 죽음을, 「나의 가장 나종 지니인 것」은 아들의 죽음을 담고 있다. 「나의 가장 나종... ",20060825
131,울 준비는 되어 있다,http://book.naver.com/bookdb/book_detail.php?bid=149800,https://bookthumb-phinf.pstatic.net/cover/001/498/00149800.jpg?type=m1&udate=20130629,에쿠니 가오리,9000,8100,소담출판사,8973817981 9788973817986,"제 130회 나오키상 수상작품이자, [냉정과 열정사이] 에쿠니 가오리의 단편집.
저자가 2003년에 쓴 단편 12편이 수록되어 있는 이책은 저자 특유의 냉철함과 상처 입은 삶에 대한 쿨한 마이너리티 정서의 세련된 표현이 도드라진 작품이다.

슬픔을 통과할 때, 그 슬픔이 아무리 갑작스러운 것이라도 그 사람은... ",20040503
132,아웃사이더,http://book.naver.com/bookdb/book_detail.php?bid=2687158,https://bookthumb-phinf.pstatic.net/cover/026/871/02687158.jpg?type=m1&udate=20141122,S. E. 힌턴,11500,10350,문예출판사,893100608X 9788931006087,"반항적인 십대들의 모습을 재현한 청소년 문학의 바이블

S.E.힌턴의 대표작. 폭력과 계급 갈등, 편견의 문제 등을 기존 방식과 다르게 다룸으로써 '뉴 리얼리즘'의 성취라는 찬사와 함께 청소년 문학의 새 장을 연 것으로 평가받는다. 

교통사고로 부모를 잃고 고아가 된 14살의 주인공 포니보이는 시와 영화... ",20160910
133,거짓말쟁이와 모나리자,http://book.naver.com/bookdb/book_detail.php?bid=183655,https://bookthumb-phinf.pstatic.net/cover/001/836/00183655.jpg?type=m1&udate=20150716,E. L. 코닉스버그,8000,7200,사계절,8971968540 9788971968543,"사계절 13-18문고 제 15권. 레오나르도 다빈치는 이탈리아 공작부인들과 프랑스 국왕의 초상화를 그려달라고 간청하는 마당에 하필이면 피렌체 상인의 두번째 부인(모나리자)의 초상화를 그렸을까 ? 그 해답은 살라이라는 사람한테 있다. 살라이는 거짓말쟁이에다가 좀도둑인데, 왜 다빈치는 살라이와 관계를... ",20000715
134,서사문학의 이해,http://book.naver.com/bookdb/book_detail.php?bid=46882,https://bookthumb-phinf.pstatic.net/cover/000/468/00046882.jpg?type=m1&udate=20200915,오탁번,9000,8550,고려대학교출판부,8976413814 9788976413819,주제를 선택하여 각 주제별로 알기쉽게 설명하고 있으며 수록되어 있는 소설의 예가 다양하면서도 재미있어서 구체적인 이해에 상당한 도움을 줄 수 있으리라 여겨진다. 한 마디로 이 책은 대학생들은 물론 일반 독자들의 서사문학에 대한 이해를 위하여 소설이론과 서사이론들을 골라서 쉽게 풀어 쓴 것이다.,19990920
135,명랑한 밤길,http://book.naver.com/bookdb/book_detail.php?bid=4303640,https://bookthumb-phinf.pstatic.net/cover/043/036/04303640.jpg?type=m1&udate=20190212,공선옥,11000,9900,창비,893643702X 9788936437022,"진솔한 삶의 체험을 바탕으로 생생한 입담으로 우리 사회의 소외된 이웃들에게 따뜻한 관심을 표현해온 중견작가 공선옥이 5년 만에 펴낸 신작소설집. 2006년 '작가가 선정한 올해의 소설'에서 최우수작품으로 선정된 표제작 &lt;명랑한 밤길&gt; 외에도 11편의 작품이 수록되어 있다.

&lt;명랑한 밤길&gt;에는... ",20071210
136,제49호 품목의 경매,http://book.naver.com/bookdb/book_detail.php?bid=2953693,https://bookthumb-phinf.pstatic.net/cover/029/536/02953693.jpg?type=m1&udate=20130318,토머스 핀천,10000,9000,민음사,8937461471 9788937461477,"미국의 평범한 중산층 가정주부인 에디파는 옛 애인 피어스의 유산 집행인이 되어 캘리포니아 주 남쪽에 있는 샌나르시소로 간다. 그동안 에디파는 탑 속에 갇힌 라푼첼처럼, 자신이 보는 것이 세상의 전부라고 믿어 왔다. 하지만 피어스가 남겨 놓은 유산과 대면하는 과정에서 이 세계 너머 또 다른 세계가... ",20070625
137,노트르담 드 파리,http://book.naver.com/bookdb/book_detail.php?bid=7883501,https://bookthumb-phinf.pstatic.net/cover/078/835/07883501.jpg?type=m1&udate=20201128,빅토르 위고,12000,10800,구름서재,1195283407 9791195283408,"이 책은 현대소설에 익숙한 청소년과 일반 독자들이 《노트르담 드 파리》를 들고 단숨에 읽어 내려갈 수 있는 분량으로 편역하였다. 줄거리 요약이나 개작이 아닌 발췌번역을 택하여 소설 원작의 문장을 그대로 살렸으며, 장황하고 난삽할 수 있는 번역체의 문장들을 단단한 우리말로 다듬었다.",20140715
138,진수의『삼국지』나관중의『삼국연의』읽기(세창명저산책 74),http://book.naver.com/bookdb/book_detail.php?bid=17134059,https://bookthumb-phinf.pstatic.net/cover/171/340/17134059.jpg?type=m1&udate=20201109,정지호,9000,8100,세창출판사,8955866348 9788955866346,"그래서 그러한 독자들을 돕기 위해, 이 책은 역사학자의 견지에서 우리에게 익숙한 『삼국연의』의 세계를 살펴보고 나아가 일반 독자들에게는 그다지 익숙하지 않은 『삼국지』의 세계를 함께 살펴보고자 한다.

이를 통해서 저자는 “『삼국연의』가 허구를 통해 설명하고자 했던 진리는 무엇인가?” 하는... ",20201113
139,사랑을 믿다 (2008년 제32회 이상문학상 작품집),http://book.naver.com/bookdb/book_detail.php?bid=4381566,https://bookthumb-phinf.pstatic.net/cover/043/815/04381566.jpg?type=m1&udate=20201116,하성란|천운영|정영문|윤성희|박형서|박민규|김종광|권여선,11000,9900,문학사상사,8970128123 9788970128122,"매년 한 권의 책으로 묶여 나오는 국내 중.단편 소설선집 중, 인지도와 판매부수에서 단연 으뜸인 '이상문학상 수상작품집'이 새해 첫 달에 독자들을 찾는다. 2008년 제32회 수상작으로는 권여선의 단편 '사랑을 믿다'가 선정됐다. 심사 과정에서 정영문, 하성란, 김종광, 윤성희, 천운영, 박형서, 박민규의 작품이... ",20080118
140,사육장 쪽으로 (편혜영 소설),http://book.naver.com/bookdb/book_detail.php?bid=3014687,https://bookthumb-phinf.pstatic.net/cover/030/146/03014687.jpg?type=m1&udate=20100326,편혜영,12000,10800,문학동네,8954603599 9788954603591,"2000년 「서울신문」 신춘문예에 단편소설 &lt;이슬털기&gt;로 등단한 편혜영 두 번째 소설집. 문학지에 연재되었던 작품들을 모아 한 권의 책에 담은 것으로, '일상'의 공간을 모티브로 한 8편의 단편을 선보인다. 

전원주택과 더불어 새로운 삶을 살게 되리라 기대했으나 종국엔 파국으로 치닫는 남자의... ",20070720
141,"청춘, 덴데케데케데케~",http://book.naver.com/bookdb/book_detail.php?bid=1500406,https://bookthumb-phinf.pstatic.net/cover/015/004/01500406.jpg?type=m1&udate=20190827,아시하라 스나오,9000,8100,청어람미디어,8989722594 9788989722595,시골마을 고교생들이 펼치는 생기발랄하고 포복절도할 록과 우정 그리고 안쓰러운 사랑 이야기. 27회 분게이 문학상과 105회 나오키상에 빛나는 촌스럽고 건강한 청춘들의 성장 소설이다. 트레몰로 글리산도 주법으로 연주되는 벤처스의 &lt;파이프라인&gt; 도입부의 의성어 '덴데케데케데케'를 제목으로 가져온... ,20050121
142,"슬라임을 잡으면서 300년, 모르는 사이에 레벨MAX가 되었습니다 5",http://book.naver.com/bookdb/book_detail.php?bid=14195694,https://bookthumb-phinf.pstatic.net/cover/141/956/14195694.jpg?type=m1&udate=20201231,모리타 키세츠,10000,9000,영상출판미디어(영상노트),1131991370 9791131991374,"이번에는 지하 던전 공략에 나섰습니다?!
장관이 되기 전, 바알제붑의 이야기가 나오는 스핀오프가 포함된 5권!300년 동안 슬라임만 잡았더니―― 지하 던전에 가게 되었습니다?!
처음에는 별로 의욕이 없었지만, 탐색을 하다 보니 마침내 모험자로 각성! (정말?)
바알제붑의 집에도 놀러 가 보고(뭔가 숨기는 게... ",20181130
143,"슬라임을 잡으면서 300년, 모르는 사이에 레벨MAX가 되었습니다 6",http://book.naver.com/bookdb/book_detail.php?bid=14731967,https://bookthumb-phinf.pstatic.net/cover/147/319/14731967.jpg?type=m1&udate=20190416,모리타 키세츠,10000,9000,영상출판미디어(영상노트),1131998804 9791131998809,"어촌으로, 엘프 나라로, 남쪽 바다로!
더욱 넓어지는 슬로 라이프 월드!고원의 마녀님, 이번에는 결혼 상대를 찾으러 가다?!
마을 길드의 나탈리 씨에게 부탁을 받고 내키지 않은 걸음으로 향한 맞선 파티. 여차저차 하는 사이에 딸들이 결혼식을 올리게 되는데……?!

라이카가 무술대회에 출장(직업 : 슬라임... ",20190420
144,풍선인간 (양장본),http://book.naver.com/bookdb/book_detail.php?bid=13943430,https://bookthumb-phinf.pstatic.net/cover/139/434/13943430.jpg?type=m1&udate=20200305,찬호께이,13500,12150,한스미디어,1160073015 9791160073010,"찬호께이의 팬들에게는 지금껏 보지 못했던 천재 작가의 새로운 면모를, 일반 대중에게는 매력적인 캐릭터와 수수께끼 풀이의 재미, 그래픽 노블 스타일의 만듦새로 소장욕을 자극하는 독특한 소품집이다. 

[줄거리]
‘나’는 3년 전 놀라운 초능력을 얻었다. ‘타깃’을 정하고 머릿속으로 그것이 풍선이라고... ",20180827
145,팩토텀,http://book.naver.com/bookdb/book_detail.php?bid=3082049,https://bookthumb-phinf.pstatic.net/cover/030/820/03082049.jpg?type=m1&udate=20190201,찰스 부코스키,12000,10800,문학동네,8954603513 9788954603515,‘미국 대중문화 최고의 안티히어로’로 불리는 헨리 치나스키를 주인공으로 한 소설 『팩토텀』. 부코우스키의 많은 작품 속에 등장하는 ‘헨리 치나스키’란 캐릭터는 작가의 분신과도 같은 인물이다. 그의 장편소설들 중 가장 중요한 소설들로 평가받는 ‘부코우스키 삼부작(『우체국』『팩토텀』... ,20070910
146,오늘의 거짓말 (정이현 소설집),http://book.naver.com/bookdb/book_detail.php?bid=2961497,https://bookthumb-phinf.pstatic.net/cover/029/614/02961497.jpg?type=m1&udate=20200305,정이현,12000,10800,문학과지성사,8932017980 9788932017983,"정이현의 신작 소설집!《낭만적 사랑과 사회》, 《달콤한 나의 도시》의 저자 정이현의 신작 소설집 『오늘의 거짓말』. 표제작 《오늘의 거짓말》을 포함한 총 열 편의 단편이 수록되어 있다. 1970년대부터 현재까지 모습들의 구석구석을 짚어내는 감각적인 이 이야기들은 때로는 수수하고 때로는 화려하게... ",20070713
147,사쿠라장의 애완 그녀 9 (L Novel),http://book.naver.com/bookdb/book_detail.php?bid=7229035,https://bookthumb-phinf.pstatic.net/cover/072/290/07229035.jpg?type=m1&udate=20130610,카모시다 하지메,6800,6120,디앤씨미디어,8926793982 9788926793985,"2권
변태와 천재와 일반인이 만들어내는, 청춘학원 러브 코미디 제2탄. 학원 괴짜들의 소굴 '사쿠라장'에서 천재화가 마시로의 “보모역”을 하고 있는 나. 어떻게든 마시로에게 일반 상식을 가르치기... 천재와 일반인이 만들어내는 청춘학원 러브 코미디 단편집.

7권
놀라움과 함께 시작된 새 학기, 내 앞에... ",20130610
148,공산토월 (이문구 대표중단편선),http://book.naver.com/bookdb/book_detail.php?bid=7410061,https://bookthumb-phinf.pstatic.net/cover/074/100/07410061.jpg?type=m1&udate=20190201,이문구,15500,13950,문학동네,8954623271 9788954623278,"한국문학사에서 이문구는 그 이름 자체로 고유명사이자 일반명사다. 구수한 충청도 사투리로 이루어진 토박이의 생생한 입말, 엎치고 뒤치는 이야기들의 사이에서 여지없이 툭툭 터져나오는 풍자와 해학은 그 자체로서 하나의 ‘문학’이라고 부를 만하다. ‘농촌 최후의 시인’이라는... ",20140115
149,사신 치바 (내가 일을 하면 언제나 비가 내린다),http://book.naver.com/bookdb/book_detail.php?bid=2485109,https://bookthumb-phinf.pstatic.net/cover/024/851/02485109.jpg?type=m1&udate=20200819,이사카 코타로,13000,11700,웅진지식하우스,8901057344 9788901057347,"2004년 일본추리작가협회상을 수상한 차세대 일본 작가 이사카 코타로의 대표작. 무뚝뚝한 척하면서도 다정한 사신 치바를 주인공으로 한 이 소설을 통해 작가는 사신에 대한 고정관념과 죽음에 대한 패러다임을 바꾸고 있으며, 죽음을 통해 마지막 순간까지 최선을 다해 살아야 하는지를 보여준다.

'사고사'로... ",20060525
150,춘향전 (설중환 교수와 함께 읽는),http://book.naver.com/bookdb/book_detail.php?bid=14623770,https://bookthumb-phinf.pstatic.net/cover/146/237/14623770.jpg?type=m1&udate=20190917,설중환,12000,10800,서연비람,1189171155 9791189171155,"우리와 함께 있어야 할 우리의 영원한 고전 『춘향전』

서민 종합 예술인 판소리를 청소년과 일반 대중에게 되돌려 주고자 오랫동안 고전 문학을 공부해 온 설중환 교수님이 해설을 덧붙여 만든 또 하나의 이본. 우리 고전과 전통 문화에 대한 지식욕을 제대로 채워 줄 수 있는 교양서로 재미와 깊이 두 마리... ",20190325
151,전쟁론 (윌드북 104),http://book.naver.com/bookdb/book_detail.php?bid=6088818,https://bookthumb-phinf.pstatic.net/cover/060/888/06088818.jpg?type=m1&udate=20100414,클라우제비츠,19800,17820,동서문화사,8949705400 9788949705408,"이 책은 난해하기로 유명한 클라우제비츠「전쟁론(VOM KRIEGE, 1832~34)」 독일어 원전을 허문순 선생이 30여년에 걸쳐 심혈을 기울여 번역한 한국 최초 완역본이다.「전쟁론」은 클라우제비츠가 1831년 병으로 갑자기 세상을 떠나자, 그의 부인 마리가 1832~34년까지 3년간 걸쳐 남편의 원고들을 편집... ",20091001
152,레드 퀸 : 왕의 감옥 2,http://book.naver.com/bookdb/book_detail.php?bid=15766249,https://bookthumb-phinf.pstatic.net/cover/157/662/15766249.jpg?type=m1&udate=20191209,빅토리아 애비야드,14800,13320,황금가지,1158881088 9791158881085,태어날 때부터 능력과 신분이 결정되는 가상의 세계를 다루고 있음에도 계층의 대물림과 부조리한 현실에 대한 묘사는 일반 독자들에게 공감을 불러일으키기 충분하다. 한편 그런 세계에서 자신의 타고난 신분을 뒤엎고 세계를 뒤흔드는 여주인공의 행보는 카타르시스를 제공한다. 《퍼블리셔스 위클리》는... ,20191108
153,레드 퀸 : 왕의 감옥 1,http://book.naver.com/bookdb/book_detail.php?bid=15766245,https://bookthumb-phinf.pstatic.net/cover/157/662/15766245.jpg?type=m1&udate=20200103,빅토리아 애비야드,14800,13320,황금가지,115888107X 9791158881078,태어날 때부터 능력과 신분이 결정되는 가상의 세계를 다루고 있음에도 계층의 대물림과 부조리한 현실에 대한 묘사는 일반 독자들에게 공감을 불러일으키기 충분하다. 한편 그런 세계에서 자신의 타고난 신분을 뒤엎고 세계를 뒤흔드는 여주인공의 행보는 카타르시스를 제공한다. [퍼블리셔스 위클리]는... ,20191108
154,까떼드랄 주점에서의 대화 2 (창비세계문학 80),http://book.naver.com/bookdb/book_detail.php?bid=16331858,https://bookthumb-phinf.pstatic.net/cover/163/318/16331858.jpg?type=m1&udate=20200422,마리오 바르가스 요사,18000,16200,창비,8936464795 9788936464790,8년 동안 정당은 물론이고 일반 시민들의 일상적인 활동조차 제약당할 정도로 숨 막히는 분위기가 이어졌다. 이 시기에 청소년에서 성인으로 성장한 주인공 싼띠아고 싸발라는 우연히 다시 만난 아버지의 옛 운전기사 암브로시오와 까떼드랄 주점에서 과거를 회상하며 이야기를 나눈다. 주인공 싼띠아고... ,20200420
155,까떼드랄 주점에서의 대화 1 (창비세계문학 79),http://book.naver.com/bookdb/book_detail.php?bid=16331855,https://bookthumb-phinf.pstatic.net/cover/163/318/16331855.jpg?type=m1&udate=20200422,마리오 바르가스 요사,18000,16200,창비,8936464787 9788936464783,8년 동안 정당은 물론이고 일반 시민들의 일상적인 활동조차 제약당할 정도로 숨 막히는 분위기가 이어졌다. 이 시기에 청소년에서 성인으로 성장한 주인공 싼띠아고 싸발라는 우연히 다시 만난 아버지의 옛 운전기사 암브로시오와 까떼드랄 주점에서 과거를 회상하며 이야기를 나눈다. 주인공 싼띠아고... ,20200420
156,"워터 멜론 슈가에서 (In Watermelon Sugar,리처드 브라우티건 소설)",http://book.naver.com/bookdb/book_detail.php?bid=3124001,https://bookthumb-phinf.pstatic.net/cover/031/240/03124001.jpg?type=m1&udate=20200305,리처드 브라우티건,8900,8010,비채,8992036485 9788992036481,"일곱 가지 태양이 뜨는 워터멜론 슈가 마을

&lt;미국의 송어낚시&gt;의 저자 리처드 브라우티건의 소설. 일주일 동안 날마다 다른 색깔이 빛나는 태양을 가진 워터멜론 슈가 마을을 배경으로, 자연과 문명, 인간과 사회의 대립 속에서 미국인들의 이상에 대해 섬세하고 매혹적으로 그리고 있다.

워터멜론 슈가... ",20071010
157,퍼레이드 (요시다 슈이치 장편소설),http://book.naver.com/bookdb/book_detail.php?bid=1527387,https://bookthumb-phinf.pstatic.net/cover/015/273/01527387.jpg?type=m1&udate=20130206,요시다 슈이치,12000,10800,은행나무,8956601089 9788956601083,"우연히 한 아파트에서 동거하게 된 다섯 남녀의 요절복통 일상 이야기. 2002년 야마모토 슈고로 상에 이어 제127회 아쿠타가와 상을 수상한 일본의 차세대 주자  '요시다 슈이치'의 첫 장편소설로, 아파트나 단독주택에서 마음에 맞는 동료들과 공동으로 생활하는 '룸셰어'라는 일본의 요즘 풍조를 다루고 있다.... ",20140707
158,나는 고양이로소이다,http://book.naver.com/bookdb/book_detail.php?bid=20275,https://bookthumb-phinf.pstatic.net/cover/000/202/00020275.jpg?type=m1&udate=20130203,나쓰메 소세키,12000,10800,문학사상사,8970122648 9788970122649,일본 문학 100년사상 최고의 국민작가로 칭송되는 저 자의 소설로 고양이 눈에 비친 웃기는 인간과 한심한 세상을 통렬하게 비판했다. 종횡무진의 풍자와 해학이인간심리의 이면을 시원하게 꿰뚫면서 지식인들의 고 답적인 세계와 근대인의 불안과 고뇌를 그렸다.,20160922
159,사쿠라장의 애완 그녀 4,http://book.naver.com/bookdb/book_detail.php?bid=6859961,https://bookthumb-phinf.pstatic.net/cover/068/599/06859961.jpg?type=m1&udate=20120312,카모시다 하지메,6500,5850,디앤씨미디어,8926792412 9788926792414,"라고 분발했지만, 입사 다음날 무시무시한 사실이 발각되는데...2권변태와 천재와 일반인이 만들어내는, 청춘학원 러브 코미디 제2탄. 학원 괴짜들의 소굴 '사쿠라장'에서 천재화가 마시로의 “보모역”을 하고 있는 나. 어떻게든 마시로에게 일반 상식을 가르치기 위해 매일 같이 분투하고 있지만, 그 생활 파탄... ",20120310
160,티티새,http://book.naver.com/bookdb/book_detail.php?bid=123946,https://bookthumb-phinf.pstatic.net/cover/001/239/00123946.jpg?type=m1&udate=20201119,요시모토 바나나,10000,9000,민음사,8937480166 9788937480164,티티새는 죽음의 저편에서만 세상을 바라보던 주인공 '츠구미'(이름의 뜻을 풀면  티티새가 됩니다. 개똥지빠귀라고 하면 더 친숙할까요.)가 첫사랑을 가슴에 안으면서 그 힘으로 죽음의 이편에서 세상을 보듬게 되는 이야기 입니다. 이 작품은 작가의 데뷔 작품집 '키친'에 이어 1988년 에 발표된 첫 장편... ,20030510
161,핑퐁 (PingPong),http://book.naver.com/bookdb/book_detail.php?bid=2521163,https://bookthumb-phinf.pstatic.net/cover/025/211/02521163.jpg?type=m1&udate=20190212,박민규,14000,12600,창비,8936433555 9788936433550,"세계가 '깜빡'한 왕따들, 인류의 운명을 걸고 탁구를 치다!

2003년 &lt;지구영웅전설&gt;, &lt;삼미 슈퍼스타즈의 마지막 팬클럽&gt;으로 등단한 박민규의 신작 장편소설. 왕따 중학생들이 탁구를 하게 되면서 벌어지는 에피소드를 담았다. 「창작과비평」에 연재한 작품에 연재원고보다 100매 정도를 추가하고... ",20060925
162,푸르른 틈새,http://book.naver.com/bookdb/book_detail.php?bid=3014697,https://bookthumb-phinf.pstatic.net/cover/030/146/03014697.jpg?type=m1&udate=20190201,권여선,12000,10800,문학동네,8954602789 9788954602785,"1996년 &lt;푸르른 틈새&gt;로 제2회 상상문학상을 수상하면서 등단한 권여선 장편소설. 젊음의 슬픔과 방황, 그 소진과 성숙의 의미를 독특하게 그려낸 성장소설로, 80년대를 통과한 스무 살 젊음의 고뇌와 방황을 담담하게 그려낸다. 남루할 정도로 생생하게 그려지는 인물들이 격조 있는 문체와 절묘하게... ",20070727
163,언젠가 기억에서 사라진다 해도,http://book.naver.com/bookdb/book_detail.php?bid=2528624,https://bookthumb-phinf.pstatic.net/cover/025/286/02528624.jpg?type=m1&udate=20200819,에쿠니 가오리,9000,8100,소담출판사,8973818813 9788973818815,"열일곱 살, 여고생들의 섬세한 이야기들&lt;냉정과 열정사이&gt;, &lt;반짝반짝 빛나는&gt;, &lt;도쿄 타워&gt;의 작가 에쿠니 가오리의 단편집. 의미조차 규정할 수 없는 감정과 경험들 속에서 허우적거리는 소녀들의 성장통을, 작가 특유의 섬세하고 세련된 화법으로 들려주고 있다.

이번 단편집은 버스에서... ",20061030
164,녹천에는 똥이 많다,http://book.naver.com/bookdb/book_detail.php?bid=121747,https://bookthumb-phinf.pstatic.net/cover/001/217/00121747.jpg?type=m1&udate=20180708,이창동,10000,9000,문학과지성사,8932005796 9788932005799,이 책은 일반 독자들을 대상으로 집필한 소설이다.,19921201
165,뱀에게 피어싱 (가네하라 히토미 소설),http://book.naver.com/bookdb/book_detail.php?bid=158009,https://bookthumb-phinf.pstatic.net/cover/001/580/00158009.jpg?type=m1&udate=20190201,가네하라 히토미,10000,9000,문학동네,8982818545 9788982818547,20세의 나이로 일본 최고 권위의 문학상인 아쿠타가와 상을 수상하며 일본 문단에 파란을 일으킨 가네하라 히토미의 소설. 피어싱과 문신이라는 파격적인 내용 외에도 작가의 화려한 외모와 특이한 전력으로 많은 관심을 끌었던 작품이다. &#x0D;&#x0D;주인공 루이는 클럽에서 만난 아마의 스플릿 텅에 매료되어... ,20040730
166,일곱명의 술래잡기,http://book.naver.com/bookdb/book_detail.php?bid=7125266,https://bookthumb-phinf.pstatic.net/cover/071/252/07125266.jpg?type=m1&udate=20200227,미쓰다 신조,13800,12420,북로드,8991239951 9788991239951,"그러나 그 독특한 세계관과 복잡한 인물관계, 그리고 민속적인 분위기 때문에 일반 독자에게는 다소 난해하다는 평을 받기도 했다. 『일곱 명의 술래잡기』는 저자 특유의 분위기는 유지하면서도 도시를 배경으로 그의 세계관을 훨씬 대중적으로 풀어낸 작품이다. 미쓰다 신조의 작품을 좋아하는 독자에게는... ",20130111
167,슬픈 예감,http://book.naver.com/bookdb/book_detail.php?bid=2749548,https://bookthumb-phinf.pstatic.net/cover/027/495/02749548.jpg?type=m1&udate=20150719,요시모토 바나나,11000,9900,민음사,893748112X 9788937481123,"요시모토 바나나의 젊은 시절을 대표하는 첫 장편소설유년 시절의 추억과 가족을 잃은 슬픔, 그리고 이루어질 수 없는 사랑이 한 폭의 수채화처럼 펼쳐지는 소설. &lt;키친&gt;, &lt;티티새&gt;의 작가, 요시모토 바나나의 첫 장편소설로, 어렸을 적 불의의 교통사고로 부모님을 잃고 기억상실증에 걸린 한 소녀가... ",20070309
168,The Great Gatsby,http://book.naver.com/bookdb/book_detail.php?bid=13439056,https://bookthumb-phinf.pstatic.net/cover/134/390/13439056.jpg?type=m1&udate=20181227,F. Scott Fitzgerald,15000,13500,북플랜트,8953947960 9788953947962,"- 주석을 통해 중요한 문법적 내용과 문학적 표현을 쉽게 익힐 수 있습니다.&#x0D;- 영문학 전공 대학생뿐 아니라 일반 성인이나 중고등학생에게 원서 읽기에 흥미를 줍니다.&#x0D;- 자세한 작품해설을 통해 작가의 의도뿐 아니라, 문화, 사회, 경제적 배경 지식을 습득하고 작품에 대한 이해도를 높일 수... ",20180228
169,문학을 사랑하는 젊은이들에게 (박경리의 문학이야기),http://book.naver.com/bookdb/book_detail.php?bid=132983,https://bookthumb-phinf.pstatic.net/cover/001/329/00132983.jpg?type=m1&udate=20200305,박경리,9000,8100,현대문학,8972752576 9788972752578,"이 책은 일반 독자층을 대상으로 한 책으로, 전문적인 내용을 비전공인 일반 독자들도 쉽게 이해할 수 있도록 풀어쓴 교양 도서이다.",20030429
170,사쿠라장의 애완 그녀 7,http://book.naver.com/bookdb/book_detail.php?bid=7054251,https://bookthumb-phinf.pstatic.net/cover/070/542/07054251.jpg?type=m1&udate=20130405,카모시다 하지메,6800,6120,디앤씨미디어,892679329X 9788926793299,"2권변태와 천재와 일반인이 만들어내는, 청춘학원 러브 코미디 제2탄. 학원 괴짜들의 소굴 '사쿠라장'에서 천재화가 마시로의 “보모역”을 하고 있는 나. 어떻게든 마시로에게 일반 상식을 가르치기 위해... 천재와 일반인이 만들어내는 청춘학원 러브 코미디 단편집.7권놀라움과 함께 시작된 새 학기, 내 앞에... ",20121110
171,유쾌한 하녀 마리사 (천명관 소설),http://book.naver.com/bookdb/book_detail.php?bid=3105247,https://bookthumb-phinf.pstatic.net/cover/031/052/03105247.jpg?type=m1&udate=20071206,천명관,13000,11700,문학동네,8954603971 9788954603973,"&lt;고래&gt;의 작가, 천명관 첫 소설집!

'짐작할 수 없는 일들의 아이러니'에 대한 유머러스한 보고서. &lt;고래&gt;의 작가 천명관의 첫 소설집으로, 작가의 데뷔작이자 2003년 문학동네신인상 수상작인 &lt;프랭크와 나&gt;를 비롯, 지금까지 발표한 열한 편의 중단편이 수록되어 있다. 

&lt;고래&gt;가 온갖 기담과... ",20070920
172,사쿠라장의 애완 그녀 1,http://book.naver.com/bookdb/book_detail.php?bid=6729072,https://bookthumb-phinf.pstatic.net/cover/067/290/06729072.jpg?type=m1&udate=20111101,카모시다 하지메,6500,5850,디앤씨미디어,8926791904 9788926791905,"라고 분발했지만, 입사 다음날 무시무시한 사실이 발각되는데...2권변태와 천재와 일반인이 만들어내는, 청춘학원 러브 코미디 제2탄. 학원 괴짜들의 소굴 '사쿠라장'에서 천재화가 마시로의 “보모역”을 하고 있는 나. 어떻게든 마시로에게 일반 상식을 가르치기 위해 매일 같이 분투하고 있지만, 그 생활 파탄... ",20110910
173,"라일락 피면 (창비청소년문학 4,10대의 선택에 관한 여덟 편의 이야기)",http://book.naver.com/bookdb/book_detail.php?bid=3122644,https://bookthumb-phinf.pstatic.net/cover/031/226/03122644.jpg?type=m1&udate=20150731,공선옥|방미진|성석제|오수연|오진원,10000,9000,창비,8936456040 9788936456047,"신진 동화작가인 방미진은 깜찍 발랄한 중딩의 수다 잔치를 통해 생생한 인간 군상을 보여주었고, 오진원과 조은이는 동화에서는 잘 다루지 않는 주제에 도전하여 아동문학과 일반문학의 성공적 교집합을 선보였다는 평을 받았다. 

『라일락 피면』에 수록된 작가들은 청소년들에게 특정한 메시지를 던지는... ",20071015
174,아르헨티나 할머니,http://book.naver.com/bookdb/book_detail.php?bid=2883922,https://bookthumb-phinf.pstatic.net/cover/028/839/02883922.jpg?type=m1&udate=20190827,요시모토 바나나,8000,7200,민음사,8937481103 9788937481109,"아르헨티나 할머니와 함께 상실의 아픔을 치유하다!&lt;키친&gt;, &lt;티티새&gt;의 작가, 요시모토 바나나의 신작 소설. 어머니를 잃고 슬픔에 잠긴 소녀가 아르헨티나 할머니라는 수수께끼의 여인을 만나 상처를 치유하는 과정을 특유의 동화적인 색채와 섬세한 문체로 그려내고 있다. 또한, 세계적인... ",20070410
175,호두까기 인형과 생쥐 왕,http://book.naver.com/bookdb/book_detail.php?bid=14366246,https://bookthumb-phinf.pstatic.net/cover/143/662/14366246.jpg?type=m1&udate=20200305,에른스트 테오도어 아마데우스 호프만,9800,8820,교보문고,1159099502 9791159099502,"어린이와 어른, 동화책과 일반문학의 경계를 허물어 누구나 읽을 수 있는 작품을 선보이는 「교보클래식」의 첫 번째 작품은 『호두까기 인형과 생쥐 왕』이다.

매년 연말 전 세계 주요 공연장의 레퍼토리로 자리 잡은 《호두까기 인형》의 원작 동화로, 18~19세기에 활동한 독일 낭만주의 대표작가 에른스트... ",20181210
176,의대생 다이어리 (イダジョ! ?大女子),http://book.naver.com/bookdb/book_detail.php?bid=16264112,https://bookthumb-phinf.pstatic.net/cover/162/641/16264112.jpg?type=m1&udate=20200225,도게 유미,12800,11520,스토리컴퍼니,1187239666 9791187239666,"여)” “의사가 되어야지 하고 처음 마음먹은 그때가 떠오르는 행복한 소설이었어요. 핑크빛 캠퍼스 커플의 앞으로의 이야기도 궁금합니다(사립의대 3학년생, 여)” 등 데뷔작답지 않은 탄탄한 완성도와 생생한 현장감을 무기로 출간 즉시 일반 독자는 물론이고 현역 의대생 및 의사들의 공감과 찬사 세례를 받았다.",20200214
177,사쿠라장의 애완 그녀 5.5,http://book.naver.com/bookdb/book_detail.php?bid=7004874,https://bookthumb-phinf.pstatic.net/cover/070/048/07004874.jpg?type=m1&udate=20200407,카모시다 하지메,6500,5850,디앤씨미디어,8926793036 9788926793039,"2권
변태와 천재와 일반인이 만들어내는, 청춘학원 러브 코미디 제2탄. 학원 괴짜들의 소굴 '사쿠라장'에서 천재화가 마시로의 “보모역”을 하고 있는 나. 어떻게든 마시로에게 일반 상식을 가르치기... 천재와 일반인이 만들어내는 청춘학원 러브 코미디 단편집.

7권
놀라움과 함께 시작된 새 학기, 내 앞에... ",20120910
178,바리데기,http://book.naver.com/bookdb/book_detail.php?bid=15074320,https://bookthumb-phinf.pstatic.net/cover/150/743/15074320.jpg?type=m1&udate=20200305,김석출,9000,8100,돌베개,8971999683 9788971999684,"하지만 굿판에 참여한 사람들 가운데 일반 청중에게는 「바리데기」 텍스트가 갖는 문학적, 오락적 성격이 보다 크게 작용할 수 있다. 조선 시대에 다양한 기록문학에서 소외되었던 하층민, 특히 여성들에게, 굿판에서 구연되는 「바리데기」 텍스트는 종교의 영역을 넘어 흥미 있는 문학이었다. 무속이라는... ",20190628
179,금강 10 (5부 영은),http://book.naver.com/bookdb/book_detail.php?bid=16125129,https://bookthumb-phinf.pstatic.net/cover/161/251/16125129.jpg?type=m1&udate=20200120,김홍정,14000,12600,솔,1160201196 9791160201192,"그리고 영은은 수련을 도와 오갈 데 없는 아이들을 모성母性으로서 돌보는 한편, 천주교의 기도서인 『게십이장偈十二章』을 깊이 이해하고 이를 바탕으로 피폐한 일반 백성들의 정신적인 지주 역할을 도맡는다. 
자신의 신념을 관철시키는 데 주저함이 없었던 다섯 명의 여성들은 한국소설사의 주된 남성... ",20200205
180,사쿠라장의 애완 그녀 2,http://book.naver.com/bookdb/book_detail.php?bid=6764768,https://bookthumb-phinf.pstatic.net/cover/067/647/06764768.jpg?type=m1&udate=20111101,카모시다 하지메,6500,5850,디앤씨미디어,8926792099 9788926792094,"어떻게든 마시로에게 일반 상식을 가르치기 위해 매일 같이 분투하고 있지만, 그 생활 파탄 레벨은 역시 보모가 필요한 레벨이다. 그러던 중 찾아온 여름방학, 같은 반이자 성우지망생인 나나미가 기숙사로 이사 온다. 바른 성격인 나나미에게 “펫과 주인”이라는 마시로와의 관계를 감추고 싶었지만, 미사키... ",20111110
181,금강 8 (4부 수련),http://book.naver.com/bookdb/book_detail.php?bid=16125124,https://bookthumb-phinf.pstatic.net/cover/161/251/16125124.jpg?type=m1&udate=20200120,김홍정,14000,12600,솔,116020117X 9791160201178,"그리고 영은은 수련을 도와 오갈 데 없는 아이들을 모성母性으로서 돌보는 한편, 천주교의 기도서인 『게십이장偈十二章』을 깊이 이해하고 이를 바탕으로 피폐한 일반 백성들의 정신적인 지주 역할을 도맡는다. 
자신의 신념을 관철시키는 데 주저함이 없었던 다섯 명의 여성들은 한국소설사의 주된 남성... ",20200205
182,금강 7 (4부 수련),http://book.naver.com/bookdb/book_detail.php?bid=16125122,https://bookthumb-phinf.pstatic.net/cover/161/251/16125122.jpg?type=m1&udate=20200121,김홍정,14000,12600,솔,1160201161 9791160201161,"그리고 영은은 수련을 도와 오갈 데 없는 아이들을 모성母性으로서 돌보는 한편, 천주교의 기도서인 『게십이장偈十二章』을 깊이 이해하고 이를 바탕으로 피폐한 일반 백성들의 정신적인 지주 역할을 도맡는다.  자신의 신념을 관철시키는 데 주저함이 없었던 다섯 명의 여성들은 한국소설사의 주된 남성... ",20200205
183,유리알 유희,http://book.naver.com/bookdb/book_detail.php?bid=7311711,https://bookthumb-phinf.pstatic.net/cover/073/117/07311711.jpg?type=m1&udate=20200305,헤르만 헤세,23000,20700,현대문학,8972756326 9788972756323,"유토피아 소설 『유리알 유희』. 크게 세 부분으로 나눌 수 있는 이 소설은  맨 처음 유리알 유희에 대한 긴 개론으로 시작한다. 유리알 유희의 성격을 규정하기 위해 그것이 출현할 수밖에 없었던 20세기 정신문화 타락의 실체가 설명되고, '잡문 시대'라고 규정된 그 시대의 한계를 극복하고자 유리알 유희 교단이... ",20130923
184,자정의 픽션,http://book.naver.com/bookdb/book_detail.php?bid=2534195,https://bookthumb-phinf.pstatic.net/cover/025/341/02534195.jpg?type=m1&udate=20190212,박형서,12000,10800,문학과지성사,8932017360 9788932017365,"주목 받는 젊은 작가 박형서의 새 소설집. 2003년 첫번째 소설집 『토끼를 기르기 전에 알아두어야 할 것들』(문학과지성사)이후 3년 만의 두번째 소설집이다. 72년생인 작가 박형서는 동세대 작가인 김중혁, 이기호, 편혜영 등과 함께 한국 문단에 젊은 숨결을 불어넣으며 새로운 가능성을 열어나가는 신세대... ",20061030
185,최강 마법사의 은둔계획 1,http://book.naver.com/bookdb/book_detail.php?bid=13911693,https://bookthumb-phinf.pstatic.net/cover/139/116/13911693.jpg?type=m1&udate=20181015,이즈시로,10000,9000,영상출판미디어(영상노트),1131986016 9791131986011,"우여곡절 끝에 그는 교환조건으로 신분을 숨긴 채 일반 학생으로 마법학원에 다니며 후임을 육성하기로 한다.
모든 것은 평온한 은둔생활을 쟁취하기 위해! 미소녀 마법사들을 육성하며 뒤편에서는 마물 토벌로 분주한 아르스의 영웅담이, 지금 시작된다!",20180830
186,금강 9 (5부 영은),http://book.naver.com/bookdb/book_detail.php?bid=16125125,https://bookthumb-phinf.pstatic.net/cover/161/251/16125125.jpg?type=m1&udate=20200120,김홍정,14000,12600,솔,1160201188 9791160201185,"그리고 영은은 수련을 도와 오갈 데 없는 아이들을 모성母性으로서 돌보는 한편, 천주교의 기도서인 『게십이장偈十二章』을 깊이 이해하고 이를 바탕으로 피폐한 일반 백성들의 정신적인 지주 역할을 도맡는다. 
자신의 신념을 관철시키는 데 주저함이 없었던 다섯 명의 여성들은 한국소설사의 주된 남성... ",20200205
187,마지막 왕자,http://book.naver.com/bookdb/book_detail.php?bid=2955612,https://bookthumb-phinf.pstatic.net/cover/029/556/02955612.jpg?type=m1&udate=20190202,강숙인,12500,11250,푸른책들,8957980938 9788957980934,"신라의 마지막 왕인 경순왕의 아들, 마의태자를 재해석한 책. 마의태자는 신라가 쇠약해져서 아버지인 경순왕이 고려에 나라를 바치는 것에 반대하다 실패하자 금강산에서 홀로 생을 마친 비운의 왕자로 알려져 있다. 작가는 이러한 마의태자를 이미지를 탈피해 신라 유민들과 함께 신라부흥운동을 모색한... ",20140325
188,테리 이글턴의 문학이론 입문,http://book.naver.com/bookdb/book_detail.php?bid=37137,https://bookthumb-phinf.pstatic.net/cover/000/371/00037137.jpg?type=m1&udate=20190206,테리 이글턴,19000,17100,인간사랑,8974188066 9788974188061,"현대의 문학이론에 대해 포괄적으로 설명한 이론서. 서론에서 &lt;문학이론이란 무엇인가?&gt;, &lt;문학이란 무엇인가?&gt;에 대해서 중점적으로 논하고 1장에서는 낭만주의 시대와 빅토리아조 시대의 영문학 연구/교육의 상황을 기술했으며 제2-5장에서는 문학이론의 여러 갈래들을 사회비평적 입장에서... ",20060729
189,박완서 단편소설 전집 박스 세트 (전7권),http://book.naver.com/bookdb/book_detail.php?bid=2514860,https://bookthumb-phinf.pstatic.net/cover/025/148/02514860.jpg?type=m1&udate=20060901,박완서,91000,81900,문학동네,8954601928 9788954601924,"소설가 박완서의 단편소설 전집 세트(전6권). 이번 개정판에는 1998년 「창작과비평사」에서 나왔던 &lt;너무도 쓸쓸한 당신&gt;이 추가되어, 1971년 3월부터 1998년 11월까지 발표된 박완서의 단편소설이 총망라되어 있다. 총 여섯 권으로 이루어져 있으며, 각각의 작품은 발표시기 순으로 나누어 수록하였다.... ",20130604
190,돌아온 꼬마 니콜라 (전5권 합본),http://book.naver.com/bookdb/book_detail.php?bid=7448902,https://bookthumb-phinf.pstatic.net/cover/074/489/07448902.jpg?type=m1&udate=20160723,르네 고시니,33000,29700,문학동네,8954623611 9788954623612,《돌아온 꼬마 니콜라》 시리즈의 이야기를 매끄럽게 다듬고 유머와 풍자의 정수를 보여주는 삽화를 추려 정리해 니콜라와 헤어지기 아쉬운 독자들은 물론 일반 독자들에게도 걸작의 명성을 확인하는 즐거움을 전한다. 조르푸아의 아이디어로 니콜라와 친구들은 ‘천하무적’이라는 조직을 결성한다. 학교가... ,20140305
191,에도가와 란포 결정판 1,http://book.naver.com/bookdb/book_detail.php?bid=10120932,https://bookthumb-phinf.pstatic.net/cover/101/209/10120932.jpg?type=m1&udate=20160719,에도가와 란포,22000,19800,검은숲,895277549X 9788952775498,"제1권에는 란포가 일반 대중을 대상으로 연재한 첫 번째 장편소설로 국내 최초로 번역 출간되는 《거미남》과 란포의 대표 걸작으로 이견이 없는 《오시에과 여행하는 남자》, 《애벌레》, 《천장 위의 산책자》 등 모두 4편의 작품이 수록되어 있다. 에도가와 란포를 대중에게 사랑받는 히트작가로 부상시킨... ",20160120
192,도연명 전집 2 (지식을만드는지식 문집),http://book.naver.com/bookdb/book_detail.php?bid=16369405,https://bookthumb-phinf.pstatic.net/cover/163/694/16369405.jpg?type=m1&udate=20200601,도연명,24800,22320,지식을만드는지식,1128853604 9791128853609,"꼼꼼한 주석과 정확한 번역, 각 작품에 대한 해설은 물론, 최근의 연구 성과들을 반영한 상세한 전체 해설을 통해 일반 독자들도 쉽게 작품을 즐길 수 있게 했다. 

부록에서는 도연명에 대한 여러 문헌상의 기록을 제공하고, 특히 최근 학계에서 주목받고 있는 중국 학자 위안싱페이의 논문을 함께 소개해 도연명에... ",20200528
193,아웃랜더 3,http://book.naver.com/bookdb/book_detail.php?bid=1508770,https://bookthumb-phinf.pstatic.net/cover/015/087/01508770.jpg?type=m1&udate=20191018,다이애너 개벌든,12000,10800,현대문화센타,8974282666 9788974282660,"1945년, 종군 간호사 생활을 마치고 전쟁터에서 돌아와 남편과 함께 신혼생활을 맞이하는 클레어 랜들. 어느 날, 고대 돌기둥을 만져보던 그녀는 잉글랜드 사람들을 이방인 취급하는 200년 전, 서기 1743년의 시간 속으로 빠져들어 또 하나의 다른 인생을 살게 된다.  그녀의 삶을 위협하는 지주의 음모와 정탐... ",20050211
194,The Old Man and the Sea,http://book.naver.com/bookdb/book_detail.php?bid=13439057,https://bookthumb-phinf.pstatic.net/cover/134/390/13439057.jpg?type=m1&udate=20181017,Ernest Hemingway,13000,11700,북플랜트,8953947979 9788953947979,"- 주석을 통해 중요한 문법적 내용과 문학적 표현을 쉽게 익힐 수 있습니다.&#x0D;- 영문학 전공 대학생뿐 아니라 일반 성인이나 중고등학생에게 원서 읽기에 흥미를 줍니다.&#x0D;- 자세한 작품해설을 통해 작가의 의도뿐 아니라, 문화, 사회, 경제적 배경 지식을 습득하고 작품에 대한 이해도를 높일 수... ",20180228
195,미국의 송어 낚시,http://book.naver.com/bookdb/book_detail.php?bid=2539372,https://bookthumb-phinf.pstatic.net/cover/025/393/02539372.jpg?type=m1&udate=20190212,리처드 브라우티건,12000,10800,비채,8992036248 9788992036245,"사라진 꿈과 희망을 찾기 위해 떠나는 송어낚시 여행

20세기 미국 문학의 거장 브라우티건의 대표작. 1960년대 미국의 젊은이를 사로잡은 목가주의적 생태소설로, 꿈을 잃어버린 미국 산업사회를 절제된 언어, 날카로운 풍자와 해학으로 그려내고 있다. 잃어버린 어린 시절의 목가적 꿈을 찾아 아내와 어린 딸을... ",20131004
196,미나 (김사과 장편소설),http://book.naver.com/bookdb/book_detail.php?bid=4376113,https://bookthumb-phinf.pstatic.net/cover/043/761/04376113.jpg?type=m1&udate=20210112,김사과,13000,11700,창비,893643361X 9788936433611,"나는 널 좋아하지 않아. 미나야, 너도 알잖아?
 
2005년 단편소설 &lt;영이&gt;로 창비신인소설상을 수상한 김사과의 첫번째 장편소설. 오늘날 십대들이 내뱉는 수많은 말과 말 사이 충동적인 행동들로 가득한 이 장편은 어느 작가보다 그 세대에 밀착되어 있는 젊은 작가의 작품이자, 또한 한국문단에서 지금껏... ",20080104
197,도연명 전집 1 (지식을만드는지식 문집),http://book.naver.com/bookdb/book_detail.php?bid=16369403,https://bookthumb-phinf.pstatic.net/cover/163/694/16369403.jpg?type=m1&udate=20200601,도연명,32800,29520,지식을만드는지식,1128853566 9791128853562,"꼼꼼한 주석과 정확한 번역, 각 작품에 대한 해설은 물론, 최근의 연구 성과들을 반영한 상세한 전체 해설을 통해 일반 독자들도 쉽게 작품을 즐길 수 있게 했다. 부록에서는 도연명에 대한 여러 문헌상의 기록을 제공하고, 특히 최근 학계에서 주목받고 있는 중국 학자 위안싱페이의 논문을 함께 소개해... ",20200528
198,도연명 전집 (대산세계문학총서 38),http://book.naver.com/bookdb/book_detail.php?bid=1514605,https://bookthumb-phinf.pstatic.net/cover/015/146/01514605.jpg?type=m1&udate=20150721,도연명,20000,18000,문학과지성사,8932015783 9788932015781,"경북대학교 이치수 교수의 현대적 번역과 한시의 풍모를 조화시킨 편집으로 가독성을 높였으며,  국내외에서 발간된 도연명 관련 서적을 두루 참조해 가능한 한 새로운 연구성과를 반영하였다. 여기에 해설자의 자세한 해설과 시구, 문구 색인 등은 일반 독자 뿐 아니라 연구자들에게 매우 유용할 것으로 보인다.",20050222
